,Lineups,Team,GP,Min,PTS,FGM,FGA,FG%,3PM,3PA,3P%,FTM,FTA,FT%,OREB,DREB,REB,AST,TOV,STL,BLK,BLKA,PF,PFD,+/-
1,A. Tolliver - J. Jackson - D. Brooks - G. Allen - J. Jackson Jr.,MEM,1,75.0,100.0,0.0,0.0,0.0,0.0,0.0,0.0,100.0,200.0,50.0,0.0,0.0,0.0,0.0,0.0,0.0,0.0,0.0,0.0,100.0,-100.0
2,J. Valanciunas - J. Crowder - J. Jackson Jr. - D. Melton - M. Guduric,MEM,1,73.3,200.0,100.0,150.0,66.7,0.0,50.0,0.0,0.0,0.0,0.0,50.0,0.0,50.0,0.0,0.0,0.0,0.0,0.0,50.0,50.0,-100.0
3,S. Hill - T. Jones - J. Jackson - D. Brooks - B. Clarke,MEM,1,72.5,100.0,50.0,150.0,33.3,0.0,0.0,0.0,0.0,0.0,0.0,50.0,0.0,50.0,50.0,0.0,50.0,0.0,0.0,150.0,0.0,-150.0
4,S. Hill - T. Jones - D. Melton - B. Clarke - M. Guduric,MEM,2,71.3,175.0,50.0,100.0,50.0,50.0,50.0,100,25.0,50.0,50.0,25.0,0.0,25.0,50.0,25.0,0.0,0.0,0.0,25.0,50.0,-50.0
5,J. Valanciunas - G. Dieng - T. Jones - J. Jackson - J. Konchar,MEM,1,67.5,0.0,0.0,100.0,0.0,0.0,100.0,0.0,0.0,0.0,0.0,0.0,50.0,50.0,0.0,0.0,0.0,50.0,0.0,50.0,0.0,-100.0
6,S. Hill - D. Brooks - J. Morant - B. Clarke - M. Guduric,MEM,1,66.7,300.0,100.0,100.0,100,100.0,100.0,100,0.0,0.0,0.0,0.0,0.0,0.0,100.0,0.0,0.0,0.0,0.0,100.0,0.0,100.0
7,J. Valanciunas - B. Caboclo - T. Jones - D. Brooks - M. Guduric,MEM,1,66.3,0.0,0.0,125.0,0.0,0.0,75.0,0.0,0.0,0.0,0.0,50.0,25.0,75.0,0.0,50.0,25.0,0.0,0.0,25.0,75.0,-200.0
8,D. Brooks - J. Jackson Jr. - J. Morant - B. Clarke - M. Guduric,MEM,1,65.8,100.0,50.0,100.0,50.0,0.0,0.0,0.0,0.0,0.0,0.0,0.0,100.0,100.0,50.0,0.0,0.0,0.0,0.0,50.0,0.0,-100.0
9,S. Hill - T. Jones - D. Brooks - B. Clarke - M. Guduric,MEM,1,63.3,100.0,50.0,200.0,25.0,0.0,50.0,0.0,0.0,0.0,0.0,100.0,0.0,100.0,50.0,0.0,0.0,0.0,0.0,0.0,0.0,-50.0
10,T. Jones - J. Jackson - D. Brooks - J. Jackson Jr. - B. Clarke,MEM,1,63.3,100.0,50.0,150.0,33.3,0.0,100.0,0.0,0.0,0.0,0.0,50.0,0.0,50.0,0.0,0.0,0.0,0.0,50.0,100.0,0.0,-300.0
11,G. Dieng - K. Anderson - D. Brooks - J. Morant - B. Clarke,MEM,2,62.2,66.7,33.3,66.7,50.0,0.0,33.3,0.0,0.0,0.0,0.0,0.0,0.0,0.0,0.0,33.3,0.0,33.3,0.0,100.0,0.0,-266.7
12,J. Valanciunas - B. Caboclo - D. Brooks - D. Melton - Y. Watanabe,MEM,1,62.2,133.3,33.3,66.7,50.0,0.0,33.3,0.0,66.7,66.7,100,33.3,66.7,100.0,0.0,0.0,0.0,66.7,0.0,33.3,66.7,33.3
13,A. Tolliver - K. Anderson - D. Brooks - G. Allen - J. Jackson Jr.,MEM,1,61.1,233.3,100.0,100.0,100,33.3,33.3,100,0.0,33.3,0.0,0.0,33.3,33.3,33.3,0.0,33.3,0.0,0.0,66.7,0.0,133.3
14,J. Valanciunas - S. Hill - G. Allen - D. Melton - M. Guduric,MEM,1,60.4,175.0,75.0,100.0,75.0,25.0,25.0,100,0.0,50.0,0.0,25.0,25.0,50.0,50.0,0.0,0.0,0.0,0.0,0.0,50.0,0.0
15,J. Valanciunas - S. Hill - T. Jones - J. Konchar - M. Guduric,MEM,1,60.0,100.0,0.0,50.0,0.0,0.0,50.0,0.0,100.0,100.0,100,0.0,0.0,0.0,0.0,50.0,0.0,0.0,0.0,0.0,50.0,-200.0
16,J. Crowder - K. Anderson - D. Brooks - J. Jackson Jr. - D. Melton,MEM,1,59.4,133.3,66.7,100.0,66.7,0.0,33.3,0.0,0.0,33.3,0.0,0.0,33.3,33.3,66.7,0.0,0.0,0.0,0.0,66.7,33.3,-133.3
17,S. Hill - K. Anderson - B. Caboclo - T. Jones - D. Brooks,MEM,3,59.2,50.0,16.7,100.0,16.7,0.0,50.0,0.0,16.7,16.7,100,50.0,50.0,100.0,16.7,50.0,0.0,16.7,0.0,33.3,16.7,-83.3
18,S. Hill - K. Anderson - B. Caboclo - T. Jones - J. Morant,MEM,2,59.2,100.0,33.3,33.3,100,33.3,33.3,100,0.0,0.0,0.0,0.0,0.0,0.0,0.0,66.7,0.0,0.0,0.0,0.0,0.0,-33.3
19,J. Valanciunas - T. Jones - D. Brooks - J. Jackson Jr. - M. Guduric,MEM,1,57.5,0.0,0.0,100.0,0.0,0.0,50.0,0.0,0.0,0.0,0.0,0.0,50.0,50.0,0.0,0.0,50.0,0.0,0.0,50.0,50.0,0.0
20,J. Crowder - S. Hill - K. Anderson - J. Jackson Jr. - J. Morant,MEM,1,56.7,133.3,66.7,66.7,100,0.0,0.0,0.0,0.0,0.0,0.0,0.0,33.3,33.3,0.0,33.3,33.3,0.0,0.0,0.0,33.3,66.7
21,J. Valanciunas - J. Crowder - T. Jones - J. Jackson Jr. - M. Guduric,MEM,1,56.7,0.0,0.0,100.0,0.0,0.0,0.0,0.0,0.0,0.0,0.0,0.0,0.0,0.0,0.0,0.0,0.0,0.0,0.0,0.0,0.0,-200.0
22,S. Hill - T. Jones - D. Brooks - J. Jackson Jr. - M. Guduric,MEM,2,56.7,100.0,40.0,100.0,40.0,0.0,40.0,0.0,20.0,20.0,100,0.0,20.0,20.0,0.0,0.0,0.0,0.0,0.0,40.0,60.0,-40.0
23,J. Crowder - K. Anderson - T. Jones - D. Brooks - J. Jackson Jr.,MEM,1,55.8,0.0,0.0,50.0,0.0,0.0,0.0,0.0,0.0,0.0,0.0,0.0,0.0,0.0,0.0,50.0,0.0,0.0,0.0,50.0,0.0,-350.0
24,J. Valanciunas - J. Crowder - D. Brooks - D. Melton - B. Clarke,MEM,1,55.8,50.0,0.0,75.0,0.0,0.0,0.0,0.0,50.0,50.0,100,50.0,25.0,75.0,0.0,25.0,0.0,0.0,0.0,0.0,50.0,-100.0
25,K. Anderson - B. Caboclo - T. Jones - J. Jackson Jr. - D. Melton,MEM,1,55.8,150.0,50.0,100.0,50.0,50.0,100.0,50.0,0.0,0.0,0.0,0.0,0.0,0.0,50.0,0.0,0.0,0.0,0.0,50.0,0.0,-200.0
26,K. Anderson - D. Brooks - G. Allen - J. Morant - B. Clarke,MEM,1,55.8,50.0,25.0,25.0,100,0.0,0.0,0.0,0.0,0.0,0.0,0.0,25.0,25.0,25.0,75.0,0.0,25.0,0.0,0.0,25.0,-125.0
27,B. Caboclo - T. Jones - D. Brooks - G. Allen - J. Jackson Jr.,MEM,1,55.0,200.0,100.0,200.0,50.0,0.0,100.0,0.0,0.0,0.0,0.0,100.0,0.0,100.0,0.0,0.0,0.0,0.0,0.0,100.0,0.0,200.0
28,G. Dieng - T. Jones - J. Bell - D. Brooks - D. Melton,MEM,1,55.0,0.0,0.0,100.0,0.0,0.0,100.0,0.0,0.0,0.0,0.0,0.0,100.0,100.0,0.0,0.0,0.0,0.0,0.0,0.0,0.0,0.0
29,J. Crowder - T. Jones - G. Allen - J. Jackson Jr. - M. Guduric,MEM,1,55.0,75.0,25.0,75.0,33.3,0.0,50.0,0.0,25.0,25.0,100,0.0,50.0,50.0,25.0,25.0,0.0,50.0,0.0,50.0,25.0,-50.0
30,K. Anderson - T. Jones - D. Melton - Y. Watanabe - B. Clarke,MEM,1,55.0,100.0,50.0,133.3,37.5,0.0,16.7,0.0,0.0,0.0,0.0,33.3,33.3,66.7,16.7,0.0,0.0,0.0,33.3,0.0,16.7,-66.7
31,S. Hill - K. Anderson - J. Jackson Jr. - D. Melton - J. Morant,MEM,2,55.0,0.0,0.0,50.0,0.0,0.0,0.0,0.0,0.0,0.0,0.0,0.0,0.0,0.0,0.0,50.0,0.0,0.0,25.0,25.0,0.0,-225.0
32,S. Hill - T. Jones - D. Brooks - G. Allen - B. Clarke,MEM,1,55.0,133.3,66.7,100.0,66.7,0.0,33.3,0.0,0.0,0.0,0.0,0.0,0.0,0.0,66.7,0.0,0.0,0.0,0.0,33.3,0.0,-33.3
33,J. Crowder - K. Anderson - T. Jones - D. Brooks - B. Clarke,MEM,3,54.8,87.5,37.5,100.0,37.5,12.5,25.0,50.0,0.0,0.0,0.0,0.0,12.5,12.5,37.5,0.0,0.0,25.0,12.5,25.0,12.5,-37.5
34,G. Dieng - J. Jackson - Y. Watanabe - J. Morant - J. Konchar,MEM,1,54.6,62.5,25.0,62.5,40.0,0.0,37.5,0.0,12.5,50.0,25.0,0.0,12.5,12.5,12.5,12.5,12.5,0.0,0.0,12.5,25.0,-75.0
35,J. Valanciunas - K. Anderson - T. Jones - J. Jackson - J. Morant,MEM,1,54.2,0.0,0.0,150.0,0.0,0.0,0.0,0.0,0.0,0.0,0.0,100.0,50.0,150.0,0.0,0.0,0.0,0.0,100.0,0.0,50.0,-100.0
36,J. Valanciunas - T. Jones - D. Brooks - B. Clarke - M. Guduric,MEM,1,54.2,175.0,75.0,150.0,50.0,25.0,50.0,50.0,0.0,0.0,0.0,50.0,25.0,75.0,50.0,0.0,0.0,0.0,0.0,0.0,0.0,25.0
37,S. Hill - K. Anderson - J. Jackson - J. Morant - B. Clarke,MEM,1,54.2,200.0,100.0,150.0,66.7,0.0,0.0,0.0,0.0,0.0,0.0,50.0,50.0,100.0,50.0,0.0,0.0,0.0,50.0,0.0,0.0,100.0
38,S. Hill - J. Jackson Jr. - J. Morant - J. Konchar - M. Guduric,MEM,1,53.5,110.0,50.0,70.0,71.4,10.0,30.0,33.3,0.0,0.0,0.0,0.0,10.0,10.0,40.0,20.0,10.0,20.0,0.0,20.0,10.0,-10.0
39,A. Tolliver - J. Valanciunas - J. Jackson - D. Brooks - D. Melton,MEM,1,53.3,150.0,0.0,100.0,0.0,0.0,100.0,0.0,150.0,150.0,100,50.0,50.0,100.0,0.0,50.0,0.0,0.0,0.0,50.0,150.0,150.0
40,G. Dieng - K. Anderson - T. Jones - D. Brooks - J. Morant,MEM,1,53.3,100.0,0.0,50.0,0.0,0.0,50.0,0.0,100.0,100.0,100,0.0,100.0,100.0,0.0,0.0,0.0,0.0,0.0,50.0,50.0,0.0
41,G. Dieng - T. Jones - D. Brooks - Y. Watanabe - J. Morant,MEM,1,53.3,0.0,0.0,400.0,0.0,0.0,300.0,0.0,0.0,0.0,0.0,300.0,100.0,400.0,0.0,0.0,0.0,0.0,0.0,100.0,0.0,-200.0
42,J. Crowder - D. Brooks - J. Jackson Jr. - D. Melton - B. Clarke,MEM,1,53.3,200.0,100.0,100.0,100,0.0,0.0,0.0,0.0,0.0,0.0,0.0,100.0,100.0,100.0,0.0,0.0,0.0,0.0,0.0,0.0,200.0
43,J. Valanciunas - S. Hill - D. Brooks - J. Morant - B. Clarke,MEM,1,53.3,200.0,100.0,200.0,50.0,0.0,0.0,0.0,0.0,0.0,0.0,100.0,0.0,100.0,0.0,0.0,0.0,0.0,0.0,0.0,0.0,200.0
44,J. Valanciunas - T. Jones - D. Brooks - Y. Watanabe - J. Konchar,MEM,1,53.3,0.0,0.0,0.0,0.0,0.0,0.0,0.0,0.0,0.0,0.0,0.0,0.0,0.0,0.0,100.0,0.0,100.0,0.0,0.0,0.0,0.0
45,S. Hill - D. Brooks - G. Allen - J. Morant - B. Clarke,MEM,1,53.3,150.0,50.0,100.0,50.0,0.0,25.0,0.0,50.0,50.0,100,25.0,0.0,25.0,0.0,0.0,0.0,0.0,25.0,25.0,50.0,-50.0
46,S. Hill - G. Allen - D. Melton - B. Clarke - M. Guduric,MEM,1,53.3,180.0,80.0,100.0,80.0,20.0,40.0,50.0,0.0,0.0,0.0,0.0,40.0,40.0,40.0,0.0,0.0,20.0,0.0,0.0,0.0,80.0
47,S. Hill - G. Allen - D. Melton - J. Morant - B. Clarke,MEM,2,53.3,50.0,25.0,75.0,33.3,0.0,25.0,0.0,0.0,0.0,0.0,0.0,0.0,0.0,25.0,25.0,25.0,0.0,0.0,50.0,25.0,-100.0
48,J. Crowder - S. Hill - B. Caboclo - T. Jones - D. Brooks,MEM,1,53.0,160.0,60.0,120.0,50.0,20.0,40.0,50.0,20.0,20.0,100,20.0,40.0,60.0,40.0,0.0,0.0,20.0,20.0,0.0,20.0,60.0
49,J. Valanciunas - J. Jackson - J. Jackson Jr. - D. Melton - J. Morant,MEM,1,52.9,50.0,25.0,75.0,33.3,0.0,25.0,0.0,0.0,0.0,0.0,0.0,75.0,75.0,25.0,25.0,0.0,25.0,25.0,25.0,0.0,0.0
50,J. Crowder - J. Jackson Jr. - J. Morant - B. Clarke - M. Guduric,MEM,2,52.6,71.4,28.6,128.6,22.2,14.3,71.4,20.0,0.0,0.0,0.0,14.3,28.6,42.9,28.6,14.3,0.0,0.0,14.3,14.3,14.3,-57.1
51,J. Valanciunas - K. Anderson - D. Brooks - G. Allen - J. Jackson Jr.,MEM,1,52.2,100.0,33.3,100.0,33.3,33.3,66.7,50.0,0.0,0.0,0.0,0.0,33.3,33.3,33.3,0.0,0.0,0.0,0.0,66.7,0.0,0.0
52,B. Caboclo - T. Jones - D. Brooks - J. Morant - B. Clarke,MEM,1,52.1,50.0,25.0,100.0,25.0,0.0,50.0,0.0,0.0,0.0,0.0,25.0,75.0,100.0,25.0,25.0,0.0,50.0,0.0,0.0,25.0,-25.0
53,J. Crowder - B. Caboclo - T. Jones - D. Brooks - M. Guduric,MEM,1,52.1,100.0,50.0,75.0,66.7,0.0,25.0,0.0,0.0,0.0,0.0,0.0,0.0,0.0,25.0,25.0,0.0,0.0,0.0,25.0,25.0,-50.0
54,S. Hill - J. Jackson - D. Brooks - J. Jackson Jr. - J. Morant,MEM,1,52.1,37.5,12.5,75.0,16.7,0.0,25.0,0.0,12.5,12.5,100,0.0,37.5,37.5,0.0,25.0,0.0,12.5,0.0,12.5,25.0,-12.5
55,A. Tolliver - J. Valanciunas - K. Anderson - G. Allen - D. Melton,MEM,3,51.4,94.4,33.3,94.4,35.3,5.6,44.4,12.5,22.2,27.8,80.0,11.1,72.2,83.3,11.1,11.1,0.0,5.6,0.0,11.1,27.8,61.1
56,S. Hill - B. Caboclo - T. Jones - D. Melton - B. Clarke,MEM,1,51.2,175.0,50.0,75.0,66.7,25.0,25.0,100,50.0,50.0,100,0.0,50.0,50.0,50.0,0.0,25.0,0.0,0.0,75.0,50.0,100.0
57,G. Dieng - K. Anderson - T. Jones - J. Jackson - D. Brooks,MEM,1,51.1,66.7,33.3,66.7,50.0,0.0,0.0,0.0,0.0,0.0,0.0,0.0,33.3,33.3,0.0,33.3,0.0,0.0,0.0,66.7,0.0,-133.3
58,G. Dieng - T. Jones - J. Bell - D. Melton - J. Konchar,MEM,1,51.1,66.7,33.3,66.7,50.0,0.0,33.3,0.0,0.0,0.0,0.0,0.0,0.0,0.0,0.0,33.3,33.3,0.0,0.0,33.3,33.3,0.0
59,J. Crowder - B. Caboclo - T. Jones - G. Allen - J. Jackson Jr.,MEM,1,51.1,166.7,33.3,66.7,50.0,33.3,33.3,100,66.7,66.7,100,0.0,0.0,0.0,33.3,0.0,0.0,33.3,33.3,0.0,33.3,-66.7
60,S. Hill - K. Anderson - T. Jones - D. Brooks - J. Jackson Jr.,MEM,1,51.1,66.7,33.3,100.0,33.3,0.0,33.3,0.0,0.0,0.0,0.0,0.0,0.0,0.0,0.0,0.0,0.0,0.0,0.0,0.0,33.3,-133.3
61,J. Valanciunas - S. Hill - K. Anderson - T. Jones - J. Jackson,MEM,1,51.0,114.3,57.1,85.7,66.7,0.0,14.3,0.0,0.0,0.0,0.0,0.0,42.9,42.9,57.1,14.3,14.3,0.0,0.0,28.6,0.0,42.9
62,J. Valanciunas - G. Allen - D. Melton - B. Clarke - M. Guduric,MEM,1,50.8,200.0,100.0,100.0,100,0.0,0.0,0.0,0.0,0.0,0.0,0.0,100.0,100.0,100.0,0.0,0.0,0.0,0.0,50.0,0.0,200.0
63,J. Valanciunas - K. Anderson - T. Jones - D. Melton - J. Konchar,MEM,1,50.8,200.0,100.0,100.0,100,0.0,0.0,0.0,0.0,0.0,0.0,0.0,0.0,0.0,50.0,0.0,50.0,0.0,0.0,50.0,0.0,100.0
64,J. Crowder - B. Caboclo - T. Jones - B. Clarke - M. Guduric,MEM,1,50.7,120.0,40.0,100.0,40.0,0.0,20.0,0.0,40.0,40.0,100,40.0,60.0,100.0,0.0,20.0,20.0,0.0,0.0,20.0,20.0,20.0
65,J. Crowder - S. Hill - T. Jones - D. Melton - B. Clarke,MEM,4,50.7,125.0,50.0,108.3,46.2,25.0,66.7,37.5,0.0,0.0,0.0,16.7,25.0,41.7,33.3,8.3,8.3,0.0,0.0,25.0,8.3,0.0
66,J. Valanciunas - J. Crowder - S. Hill - K. Anderson - J. Morant,MEM,1,50.7,171.4,42.9,57.1,75.0,28.6,28.6,100,57.1,85.7,66.7,0.0,28.6,28.6,42.9,0.0,14.3,0.0,0.0,0.0,71.4,71.4
67,G. Dieng - T. Jones - J. Jackson - Y. Watanabe - J. Konchar,MEM,2,50.6,77.8,33.3,100.0,33.3,0.0,22.2,0.0,11.1,22.2,50.0,11.1,22.2,33.3,11.1,11.1,11.1,0.0,0.0,0.0,11.1,-11.1
68,J. Crowder - K. Anderson - D. Brooks - J. Morant - B. Clarke,MEM,3,50.6,146.2,53.8,76.9,70.0,0.0,0.0,0.0,38.5,38.5,100,0.0,38.5,38.5,30.8,7.7,0.0,0.0,7.7,38.5,23.1,38.5
69,J. Valanciunas - G. Dieng - D. Brooks - D. Melton - J. Morant,MEM,3,50.6,112.5,37.5,75.0,50.0,0.0,25.0,0.0,37.5,37.5,100,0.0,37.5,37.5,25.0,12.5,0.0,0.0,0.0,12.5,50.0,-12.5
70,A. Tolliver - J. Valanciunas - K. Anderson - J. Jackson - G. Allen,MEM,1,50.2,150.0,50.0,62.5,80.0,12.5,25.0,50.0,37.5,50.0,75.0,0.0,37.5,37.5,50.0,12.5,0.0,12.5,0.0,37.5,25.0,25.0
71,J. Crowder - G. Allen - J. Jackson Jr. - D. Melton - M. Guduric,MEM,1,50.0,0.0,0.0,66.7,0.0,0.0,66.7,0.0,0.0,0.0,0.0,33.3,33.3,66.7,0.0,33.3,33.3,0.0,0.0,0.0,33.3,-100.0
72,J. Valanciunas - G. Dieng - T. Jones - D. Brooks - D. Melton,MEM,1,50.0,0.0,0.0,50.0,0.0,0.0,0.0,0.0,0.0,0.0,0.0,0.0,50.0,50.0,0.0,50.0,0.0,0.0,0.0,50.0,0.0,-250.0
73,J. Valanciunas - T. Jones - J. Jackson - J. Jackson Jr. - D. Melton,MEM,1,50.0,157.1,57.1,85.7,66.7,42.9,57.1,75.0,0.0,0.0,0.0,14.3,42.9,57.1,42.9,28.6,0.0,0.0,0.0,0.0,0.0,0.0
74,S. Hill - B. Caboclo - T. Jones - G. Allen - M. Guduric,MEM,1,50.0,200.0,75.0,100.0,75.0,50.0,50.0,100,0.0,0.0,0.0,0.0,25.0,25.0,50.0,0.0,25.0,0.0,0.0,25.0,0.0,100.0
75,S. Hill - K. Anderson - G. Allen - J. Jackson Jr. - J. Morant,MEM,2,50.0,150.0,62.5,100.0,62.5,0.0,12.5,0.0,25.0,25.0,100,0.0,50.0,50.0,25.0,0.0,0.0,0.0,12.5,25.0,37.5,-12.5
76,J. Crowder - S. Hill - G. Allen - J. Jackson Jr. - J. Morant,MEM,3,49.8,122.2,44.4,88.9,50.0,22.2,44.4,50.0,11.1,22.2,50.0,11.1,66.7,77.8,33.3,11.1,0.0,0.0,0.0,22.2,22.2,44.4
77,S. Hill - B. Caboclo - D. Melton - B. Clarke - M. Guduric,MEM,2,49.8,66.7,26.7,93.3,28.6,13.3,46.7,28.6,0.0,0.0,0.0,6.7,53.3,60.0,20.0,13.3,0.0,0.0,0.0,13.3,0.0,-26.7
78,S. Hill - G. Allen - J. Jackson Jr. - D. Melton - J. Morant,MEM,3,49.8,90.0,40.0,60.0,66.7,10.0,10.0,100,0.0,10.0,0.0,0.0,20.0,20.0,30.0,30.0,10.0,0.0,0.0,20.0,20.0,-90.0
79,J. Bell - D. Hannahs - Y. Watanabe - J. Konchar - M. Guduric,MEM,1,49.6,141.7,50.0,108.3,46.2,25.0,50.0,50.0,16.7,16.7,100,25.0,33.3,58.3,33.3,8.3,8.3,8.3,8.3,16.7,8.3,-8.3
80,J. Valanciunas - S. Hill - T. Jones - B. Clarke - M. Guduric,MEM,1,49.6,250.0,100.0,100.0,100,50.0,50.0,100,0.0,0.0,0.0,0.0,50.0,50.0,100.0,0.0,0.0,0.0,0.0,25.0,0.0,150.0
81,J. Valanciunas - D. Brooks - D. Melton - J. Morant - B. Clarke,MEM,5,49.4,169.2,61.5,84.6,72.7,23.1,23.1,100,23.1,23.1,100,7.7,30.8,38.5,23.1,7.7,7.7,0.0,0.0,30.8,15.4,38.5
82,J. Valanciunas - G. Dieng - J. Jackson - D. Brooks - J. Morant,MEM,2,49.4,116.7,16.7,50.0,33.3,16.7,33.3,50.0,66.7,66.7,100,0.0,16.7,16.7,16.7,16.7,16.7,0.0,16.7,16.7,33.3,-16.7
83,B. Caboclo - T. Jones - D. Melton - Y. Watanabe - M. Guduric,MEM,1,49.3,57.1,28.6,57.1,50.0,0.0,28.6,0.0,0.0,0.0,0.0,28.6,28.6,57.1,0.0,71.4,0.0,0.0,0.0,14.3,0.0,-42.9
84,J. Crowder - K. Anderson - B. Caboclo - D. Brooks - J. Morant,MEM,1,49.3,133.3,41.7,91.7,45.5,0.0,25.0,0.0,50.0,66.7,75.0,25.0,16.7,41.7,8.3,0.0,16.7,8.3,0.0,25.0,41.7,16.7
85,A. Tolliver - J. Valanciunas - D. Melton - J. Morant - J. Konchar,MEM,2,49.2,183.3,33.3,50.0,66.7,16.7,16.7,100,100.0,100.0,100,0.0,0.0,0.0,16.7,0.0,0.0,0.0,0.0,16.7,66.7,50.0
86,A. Tolliver - J. Valanciunas - J. Jackson - J. Morant - J. Konchar,MEM,1,49.2,66.7,33.3,50.0,66.7,0.0,16.7,0.0,0.0,33.3,0.0,0.0,16.7,16.7,16.7,16.7,0.0,0.0,0.0,16.7,16.7,-100.0
87,A. Tolliver - J. Valanciunas - T. Jones - D. Brooks - J. Morant,MEM,1,49.2,133.3,33.3,66.7,50.0,33.3,50.0,66.7,33.3,33.3,100,16.7,33.3,50.0,33.3,33.3,16.7,0.0,16.7,33.3,16.7,50.0
88,G. Dieng - T. Jones - J. Jackson - D. Melton - B. Clarke,MEM,3,49.2,106.3,37.5,68.8,54.5,0.0,12.5,0.0,31.3,31.3,100,6.3,56.3,62.5,25.0,18.8,6.3,18.8,0.0,18.8,18.8,68.8
89,J. Crowder - K. Anderson - T. Jones - J. Jackson Jr. - B. Clarke,MEM,5,49.2,136.8,52.6,100.0,52.6,15.8,36.8,42.9,15.8,15.8,100,15.8,36.8,52.6,42.1,15.8,0.0,0.0,10.5,21.1,15.8,5.3
90,J. Crowder - S. Hill - D. Brooks - D. Melton - J. Morant,MEM,1,49.2,100.0,0.0,0.0,0.0,0.0,0.0,0.0,100.0,100.0,100,0.0,0.0,0.0,0.0,50.0,0.0,0.0,0.0,50.0,50.0,-200.0
91,K. Anderson - G. Allen - J. Jackson Jr. - D. Melton - B. Clarke,MEM,2,49.0,266.7,83.3,83.3,100,66.7,66.7,100,33.3,33.3,100,0.0,0.0,0.0,83.3,0.0,16.7,0.0,0.0,50.0,16.7,183.3
92,A. Tolliver - J. Valanciunas - J. Jackson - G. Allen - J. Morant,MEM,1,48.9,133.3,33.3,66.7,50.0,0.0,33.3,0.0,66.7,66.7,100,0.0,33.3,33.3,33.3,0.0,0.0,0.0,0.0,33.3,33.3,0.0
93,J. Valanciunas - G. Dieng - T. Jones - D. Melton - J. Konchar,MEM,1,48.9,33.3,0.0,100.0,0.0,0.0,33.3,0.0,33.3,66.7,50.0,33.3,33.3,66.7,0.0,0.0,0.0,33.3,0.0,0.0,33.3,-33.3
94,J. Valanciunas - S. Hill - T. Jones - D. Brooks - J. Morant,MEM,1,48.9,233.3,100.0,100.0,100,33.3,33.3,100,0.0,0.0,0.0,0.0,0.0,0.0,100.0,0.0,0.0,0.0,0.0,33.3,0.0,100.0
95,J. Valanciunas - T. Jones - D. Melton - J. Morant - B. Clarke,MEM,2,48.9,116.7,50.0,116.7,42.9,16.7,50.0,33.3,0.0,0.0,0.0,16.7,16.7,33.3,50.0,16.7,16.7,0.0,0.0,16.7,0.0,0.0
96,J. Valanciunas - K. Anderson - T. Jones - G. Allen - B. Clarke,MEM,1,48.8,87.5,37.5,112.5,33.3,0.0,12.5,0.0,12.5,12.5,100,37.5,50.0,87.5,25.0,12.5,0.0,0.0,0.0,0.0,0.0,0.0
97,S. Hill - B. Caboclo - T. Jones - D. Brooks - Y. Watanabe,MEM,1,48.8,0.0,0.0,75.0,0.0,0.0,25.0,0.0,0.0,0.0,0.0,0.0,0.0,0.0,0.0,0.0,25.0,0.0,25.0,0.0,25.0,-200.0
98,A. Tolliver - J. Valanciunas - T. Jones - D. Melton - J. Morant,MEM,1,48.7,160.0,60.0,80.0,75.0,20.0,20.0,100,20.0,20.0,100,0.0,60.0,60.0,60.0,20.0,0.0,20.0,0.0,0.0,20.0,80.0
99,J. Crowder - B. Caboclo - J. Morant - B. Clarke - M. Guduric,MEM,2,48.7,170.0,60.0,80.0,75.0,10.0,20.0,50.0,40.0,50.0,80.0,0.0,20.0,20.0,50.0,0.0,10.0,0.0,10.0,0.0,50.0,60.0
100,J. Crowder - S. Hill - K. Anderson - T. Jones - B. Clarke,MEM,5,48.6,106.7,46.7,93.3,50.0,6.7,13.3,50.0,6.7,6.7,100,13.3,20.0,33.3,46.7,20.0,6.7,6.7,6.7,13.3,6.7,-46.7
101,J. Valanciunas - J. Crowder - D. Brooks - J. Jackson Jr. - D. Melton,MEM,3,48.6,111.8,35.3,82.4,42.9,5.9,17.6,33.3,35.3,41.2,85.7,11.8,29.4,41.2,11.8,11.8,5.9,0.0,5.9,11.8,35.3,-5.9
102,J. Valanciunas - K. Anderson - D. Brooks - D. Melton - J. Morant,MEM,9,48.5,108.4,43.4,91.6,47.4,10.6,26.6,39.7,10.9,15.7,69.8,13.9,40.1,54.0,27.0,15.3,7.7,4.4,4.7,14.6,15.0,7.7
103,A. Tolliver - G. Dieng - K. Anderson - D. Brooks - D. Melton,MEM,1,48.3,0.0,0.0,0.0,0.0,0.0,0.0,0.0,0.0,0.0,0.0,0.0,100.0,100.0,0.0,0.0,0.0,100.0,0.0,0.0,0.0,0.0
104,G. Dieng - J. Jackson - D. Brooks - J. Morant - J. Konchar,MEM,1,48.3,200.0,100.0,150.0,66.7,0.0,0.0,0.0,0.0,0.0,0.0,50.0,100.0,150.0,50.0,0.0,0.0,100.0,0.0,0.0,0.0,200.0
105,G. Dieng - T. Jones - D. Melton - Y. Watanabe - J. Konchar,MEM,1,48.3,50.0,25.0,150.0,16.7,0.0,75.0,0.0,0.0,0.0,0.0,75.0,25.0,100.0,0.0,25.0,25.0,0.0,0.0,0.0,0.0,-25.0
106,J. Crowder - K. Anderson - J. Jackson Jr. - D. Melton - M. Guduric,MEM,1,48.3,117.6,52.9,82.4,64.3,11.8,29.4,40.0,0.0,0.0,0.0,0.0,35.3,35.3,29.4,17.6,11.8,5.9,0.0,11.8,0.0,11.8
107,J. Valanciunas - G. Dieng - K. Anderson - D. Brooks - J. Morant,MEM,1,48.3,66.7,0.0,66.7,0.0,0.0,33.3,0.0,66.7,100.0,66.7,0.0,33.3,33.3,0.0,0.0,0.0,0.0,0.0,0.0,33.3,0.0
108,J. Valanciunas - S. Hill - T. Jones - D. Melton - B. Clarke,MEM,1,48.3,160.0,60.0,100.0,60.0,0.0,0.0,0.0,40.0,40.0,100,40.0,40.0,80.0,40.0,20.0,0.0,20.0,0.0,20.0,20.0,60.0
109,J. Valanciunas - T. Jones - D. Brooks - G. Allen - J. Jackson Jr.,MEM,1,48.3,0.0,0.0,150.0,0.0,0.0,50.0,0.0,0.0,0.0,0.0,50.0,0.0,50.0,0.0,0.0,0.0,0.0,0.0,50.0,0.0,-200.0
110,K. Anderson - D. Brooks - Y. Watanabe - J. Morant - B. Clarke,MEM,1,48.3,66.7,33.3,133.3,25.0,0.0,0.0,0.0,0.0,0.0,0.0,33.3,66.7,100.0,33.3,0.0,0.0,0.0,0.0,66.7,0.0,0.0
111,S. Hill - K. Anderson - B. Caboclo - T. Jones - M. Guduric,MEM,5,48.2,83.3,27.8,88.9,31.3,11.1,50.0,22.2,16.7,16.7,100,11.1,22.2,33.3,16.7,22.2,0.0,0.0,11.1,38.9,22.2,-77.8
112,G. Dieng - J. Jackson - D. Melton - J. Morant - B. Clarke,MEM,3,48.0,92.0,40.0,72.0,55.6,8.0,24.0,33.3,4.0,8.0,50.0,8.0,24.0,32.0,40.0,20.0,4.0,8.0,4.0,12.0,8.0,-60.0
113,G. Dieng - T. Jones - J. Jackson - D. Brooks - Y. Watanabe,MEM,2,48.0,66.7,22.2,133.3,16.7,11.1,55.6,20.0,11.1,11.1,100,44.4,22.2,66.7,11.1,11.1,11.1,0.0,0.0,11.1,22.2,-33.3
114,K. Anderson - T. Jones - J. Jackson - Y. Watanabe - J. Konchar,MEM,1,48.0,71.4,35.7,78.6,45.5,0.0,21.4,0.0,0.0,14.3,0.0,0.0,35.7,35.7,28.6,14.3,21.4,7.1,0.0,14.3,28.6,-7.1
115,A. Tolliver - G. Dieng - J. Jackson - D. Melton - J. Morant,MEM,2,47.9,75.0,25.0,50.0,50.0,25.0,25.0,100,0.0,50.0,0.0,0.0,50.0,50.0,25.0,0.0,0.0,0.0,0.0,75.0,25.0,-50.0
116,A. Tolliver - J. Valanciunas - K. Anderson - D. Brooks - G. Allen,MEM,5,47.9,94.7,36.8,105.3,35.0,10.5,26.3,40.0,10.5,10.5,100,10.5,26.3,36.8,21.1,5.3,0.0,0.0,15.8,31.6,21.1,-84.2
117,J. Valanciunas - T. Jones - G. Allen - D. Melton - B. Clarke,MEM,4,47.9,100.0,45.5,86.4,52.6,0.0,27.3,0.0,9.1,9.1,100,9.1,27.3,36.4,27.3,9.1,0.0,0.0,0.0,9.1,13.6,-13.6
118,A. Tolliver - J. Valanciunas - K. Anderson - J. Jackson - D. Brooks,MEM,1,47.8,166.7,66.7,66.7,100,33.3,33.3,100,0.0,0.0,0.0,0.0,0.0,0.0,33.3,33.3,0.0,0.0,0.0,66.7,0.0,-100.0
119,K. Anderson - B. Caboclo - D. Brooks - J. Morant - M. Guduric,MEM,1,47.8,100.0,50.0,133.3,37.5,0.0,66.7,0.0,0.0,0.0,0.0,50.0,50.0,100.0,16.7,0.0,16.7,0.0,0.0,0.0,0.0,50.0
120,K. Anderson - T. Jones - G. Allen - D. Melton - B. Clarke,MEM,1,47.8,66.7,33.3,66.7,50.0,0.0,0.0,0.0,0.0,0.0,0.0,0.0,33.3,33.3,0.0,0.0,0.0,0.0,0.0,0.0,0.0,0.0
121,S. Hill - K. Anderson - T. Jones - J. Jackson Jr. - D. Melton,MEM,1,47.8,66.7,0.0,66.7,0.0,0.0,33.3,0.0,66.7,66.7,100,0.0,0.0,0.0,0.0,0.0,0.0,0.0,0.0,33.3,33.3,-266.7
122,J. Crowder - D. Brooks - J. Jackson Jr. - D. Melton - J. Morant,MEM,3,47.7,155.6,55.6,100.0,55.6,11.1,38.9,28.6,33.3,33.3,100,16.7,22.2,38.9,16.7,0.0,16.7,0.0,5.6,33.3,27.8,38.9
123,J. Crowder - S. Hill - J. Jackson Jr. - J. Morant - M. Guduric,MEM,2,47.7,100.0,37.5,112.5,33.3,25.0,62.5,40.0,0.0,0.0,0.0,25.0,25.0,50.0,25.0,0.0,0.0,12.5,0.0,37.5,12.5,-62.5
124,K. Anderson - B. Caboclo - T. Jones - G. Allen - D. Melton,MEM,2,47.7,106.7,40.0,86.7,46.2,26.7,40.0,66.7,0.0,0.0,0.0,6.7,20.0,26.7,40.0,13.3,13.3,0.0,0.0,13.3,6.7,6.7
125,K. Anderson - T. Jones - G. Allen - J. Jackson Jr. - B. Clarke,MEM,1,47.6,85.7,28.6,71.4,40.0,28.6,42.9,66.7,0.0,0.0,0.0,14.3,28.6,42.9,28.6,28.6,0.0,0.0,0.0,28.6,0.0,-57.1
126,S. Hill - K. Anderson - J. Jackson Jr. - J. Morant - M. Guduric,MEM,4,47.6,90.0,25.0,60.0,41.7,10.0,25.0,40.0,30.0,45.0,66.7,5.0,25.0,30.0,10.0,20.0,5.0,15.0,0.0,30.0,45.0,5.0
127,S. Hill - T. Jones - G. Allen - J. Jackson Jr. - D. Melton,MEM,2,47.6,111.1,44.4,88.9,50.0,5.6,16.7,33.3,16.7,16.7,100,11.1,33.3,44.4,16.7,22.2,5.6,5.6,5.6,22.2,27.8,-5.6
128,G. Dieng - T. Jones - J. Jackson - D. Melton - J. Morant,MEM,1,47.5,100.0,37.5,100.0,37.5,12.5,37.5,33.3,12.5,25.0,50.0,12.5,12.5,25.0,12.5,0.0,12.5,0.0,12.5,25.0,25.0,-50.0
129,J. Valanciunas - S. Hill - J. Jackson - D. Brooks - J. Morant,MEM,3,47.5,114.3,52.4,104.8,50.0,4.8,33.3,14.3,4.8,4.8,100,4.8,33.3,38.1,28.6,0.0,9.5,19.0,4.8,14.3,4.8,47.6
130,J. Valanciunas - S. Hill - K. Anderson - T. Jones - D. Brooks,MEM,3,47.5,128.6,52.4,104.8,50.0,9.5,28.6,33.3,14.3,19.0,75.0,14.3,33.3,47.6,28.6,9.5,4.8,19.0,9.5,23.8,19.0,4.8
131,S. Hill - T. Jones - D. Brooks - G. Allen - J. Jackson Jr.,MEM,4,47.5,160.0,60.0,80.0,75.0,40.0,50.0,80.0,0.0,0.0,0.0,0.0,20.0,20.0,40.0,20.0,0.0,0.0,0.0,50.0,0.0,0.0
132,A. Tolliver - J. Uthoff - Y. Watanabe - J. Konchar - M. Guduric,MEM,4,47.4,120.7,44.8,93.1,48.1,24.1,55.2,43.8,6.9,6.9,100,27.6,17.2,44.8,24.1,27.6,17.2,3.4,0.0,13.8,6.9,31.0
133,J. Valanciunas - K. Anderson - T. Jones - D. Brooks - J. Konchar,MEM,2,47.3,146.2,53.8,92.3,58.3,23.1,38.5,60.0,15.4,15.4,100,23.1,38.5,61.5,46.2,15.4,7.7,0.0,0.0,15.4,15.4,53.8
134,J. Valanciunas - J. Jackson Jr. - D. Melton - J. Morant - M. Guduric,MEM,2,47.1,57.1,14.3,57.1,25.0,0.0,28.6,0.0,28.6,28.6,100,0.0,42.9,42.9,0.0,28.6,0.0,28.6,14.3,28.6,28.6,-28.6
135,K. Anderson - B. Caboclo - D. Melton - B. Clarke - M. Guduric,MEM,1,47.1,200.0,62.5,75.0,83.3,37.5,37.5,100,37.5,50.0,75.0,0.0,37.5,37.5,50.0,0.0,0.0,12.5,12.5,12.5,25.0,125.0
136,A. Tolliver - G. Dieng - J. Jackson - J. Morant - J. Konchar,MEM,2,47.0,70.0,20.0,40.0,50.0,0.0,10.0,0.0,30.0,40.0,75.0,10.0,50.0,60.0,20.0,40.0,0.0,10.0,10.0,20.0,60.0,-10.0
137,J. Valanciunas - J. Crowder - D. Brooks - J. Jackson Jr. - J. Morant,MEM,36,47.0,115.2,43.3,90.0,48.1,13.3,31.5,42.2,15.3,18.8,81.8,10.2,37.8,48.1,27.8,14.3,6.4,5.0,5.6,19.7,18.9,6.0
138,J. Valanciunas - J. Crowder - S. Hill - D. Brooks - J. Morant,MEM,12,47.0,93.0,34.9,83.7,41.7,9.3,30.2,30.8,14.0,20.9,66.7,11.6,25.6,37.2,14.0,14.0,5.8,2.3,2.3,17.4,22.1,-26.7
139,J. Valanciunas - J. Crowder - S. Hill - T. Jones - G. Allen,MEM,1,47.0,160.0,20.0,20.0,100,20.0,20.0,100,100.0,120.0,83.3,0.0,40.0,40.0,20.0,20.0,0.0,0.0,0.0,0.0,60.0,80.0
140,J. Valanciunas - S. Hill - G. Allen - D. Melton - J. Morant,MEM,10,47.0,125.5,48.9,93.6,52.3,10.6,23.4,45.5,17.0,19.1,88.9,14.9,46.8,61.7,29.8,10.6,4.3,2.1,8.5,21.3,17.0,31.9
141,J. Valanciunas - S. Hill - K. Anderson - D. Brooks - J. Morant,MEM,16,46.8,102.7,39.8,78.8,50.6,8.0,23.9,33.3,15.0,22.1,68.0,6.2,32.7,38.9,25.7,17.7,6.2,4.4,6.2,30.1,23.0,-6.2
142,J. Valanciunas - T. Jones - G. Allen - B. Clarke - M. Guduric,MEM,1,46.8,100.0,37.5,112.5,33.3,0.0,25.0,0.0,25.0,25.0,100,37.5,50.0,87.5,25.0,12.5,0.0,0.0,12.5,12.5,12.5,-12.5
143,G. Allen - J. Jackson Jr. - D. Melton - B. Clarke - M. Guduric,MEM,1,46.7,100.0,50.0,100.0,50.0,0.0,50.0,0.0,0.0,0.0,0.0,0.0,50.0,50.0,50.0,0.0,0.0,0.0,0.0,0.0,0.0,0.0
144,G. Dieng - D. Melton - B. Clarke - J. Konchar - M. Guduric,MEM,1,46.7,133.3,66.7,100.0,66.7,0.0,0.0,0.0,0.0,0.0,0.0,0.0,33.3,33.3,33.3,0.0,0.0,0.0,33.3,33.3,0.0,66.7
145,J. Crowder - K. Anderson - J. Jackson Jr. - J. Morant - B. Clarke,MEM,3,46.7,90.9,36.4,90.9,40.0,0.0,45.5,0.0,18.2,27.3,66.7,9.1,54.5,63.6,18.2,9.1,9.1,18.2,0.0,9.1,27.3,36.4
146,J. Crowder - S. Hill - B. Caboclo - J. Morant - M. Guduric,MEM,1,46.7,100.0,25.0,75.0,33.3,0.0,25.0,0.0,50.0,50.0,100,25.0,25.0,50.0,0.0,50.0,25.0,0.0,25.0,25.0,25.0,25.0
147,J. Valanciunas - D. Brooks - J. Jackson Jr. - J. Morant - M. Guduric,MEM,1,46.7,150.0,50.0,100.0,50.0,50.0,100.0,50.0,0.0,0.0,0.0,0.0,50.0,50.0,25.0,0.0,0.0,0.0,0.0,25.0,0.0,-50.0
148,J. Valanciunas - D. Brooks - J. Morant - B. Clarke - J. Konchar,MEM,1,46.7,100.0,50.0,100.0,50.0,0.0,0.0,0.0,0.0,0.0,0.0,0.0,50.0,50.0,0.0,0.0,0.0,0.0,0.0,50.0,0.0,100.0
149,J. Valanciunas - J. Crowder - S. Hill - T. Jones - D. Brooks,MEM,8,46.7,111.1,50.0,100.0,50.0,11.1,16.7,66.7,0.0,0.0,0.0,16.7,33.3,50.0,27.8,11.1,0.0,5.6,16.7,11.1,11.1,0.0
150,J. Valanciunas - K. Anderson - G. Allen - J. Jackson Jr. - J. Morant,MEM,1,46.7,0.0,0.0,0.0,0.0,0.0,0.0,0.0,0.0,0.0,0.0,0.0,0.0,0.0,0.0,100.0,0.0,0.0,0.0,200.0,0.0,-100.0
151,J. Valanciunas - T. Jones - D. Brooks - B. Clarke - J. Konchar,MEM,1,46.7,233.3,100.0,133.3,75.0,0.0,0.0,0.0,33.3,33.3,100,33.3,33.3,66.7,66.7,0.0,0.0,0.0,0.0,0.0,33.3,66.7
152,K. Anderson - D. Brooks - G. Allen - J. Jackson Jr. - J. Morant,MEM,5,46.7,96.4,39.3,78.6,50.0,7.1,25.0,28.6,10.7,14.3,75.0,3.6,46.4,50.0,35.7,10.7,0.0,0.0,3.6,14.3,28.6,17.9
153,S. Hill - K. Anderson - D. Melton - J. Morant - B. Clarke,MEM,4,46.7,100.0,42.9,81.0,52.9,0.0,19.0,0.0,14.3,14.3,100,9.5,57.1,66.7,28.6,19.0,4.8,9.5,4.8,19.0,9.5,14.3
154,S. Hill - K. Anderson - T. Jones - B. Clarke - M. Guduric,MEM,7,46.7,124.5,53.1,104.1,51.0,10.2,28.6,35.7,8.2,8.2,100,14.3,38.8,53.1,38.8,4.1,4.1,4.1,0.0,10.2,8.2,36.7
155,G. Dieng - J. Bell - D. Hannahs - J. Konchar - M. Guduric,MEM,1,46.6,166.7,60.0,100.0,60.0,20.0,33.3,60.0,26.7,33.3,80.0,20.0,46.7,66.7,46.7,6.7,0.0,6.7,0.0,6.7,20.0,40.0
156,S. Hill - B. Caboclo - G. Allen - D. Melton - M. Guduric,MEM,4,46.6,105.3,36.8,100.0,36.8,15.8,42.1,37.5,15.8,21.1,75.0,15.8,42.1,57.9,21.1,10.5,5.3,5.3,15.8,5.3,21.1,52.6
157,J. Valanciunas - S. Hill - K. Anderson - J. Morant - M. Guduric,MEM,8,46.5,62.0,28.0,76.0,36.8,6.0,18.0,33.3,0.0,0.0,0.0,10.0,40.0,50.0,16.0,30.0,8.0,6.0,6.0,12.0,12.0,-28.0
158,S. Hill - K. Anderson - B. Caboclo - D. Melton - M. Guduric,MEM,2,46.5,63.2,26.3,100.0,26.3,0.0,36.8,0.0,10.5,21.1,50.0,15.8,36.8,52.6,10.5,0.0,10.5,10.5,0.0,31.6,15.8,-63.2
159,A. Tolliver - J. Valanciunas - J. Jackson - D. Melton - J. Morant,MEM,1,46.4,185.7,57.1,114.3,50.0,42.9,57.1,75.0,28.6,28.6,100,42.9,57.1,100.0,42.9,14.3,0.0,0.0,14.3,0.0,14.3,128.6
160,G. Dieng - K. Anderson - G. Allen - D. Melton - B. Clarke,MEM,2,46.3,88.9,33.3,88.9,37.5,11.1,55.6,20.0,11.1,22.2,50.0,22.2,44.4,66.7,33.3,0.0,11.1,11.1,0.0,11.1,11.1,33.3
161,D. Brooks - G. Allen - J. Jackson Jr. - J. Morant - B. Clarke,MEM,6,46.1,121.1,44.7,81.6,54.8,18.4,36.8,50.0,13.2,13.2,100,2.6,31.6,34.2,28.9,13.2,5.3,2.6,5.3,28.9,23.7,10.5
162,J. Crowder - S. Hill - G. Allen - J. Jackson Jr. - D. Melton,MEM,2,46.1,88.0,32.0,80.0,40.0,12.0,52.0,23.1,12.0,16.0,75.0,4.0,28.0,32.0,8.0,16.0,12.0,8.0,4.0,24.0,16.0,-24.0
163,J. Valanciunas - J. Crowder - S. Hill - D. Brooks - D. Melton,MEM,3,46.1,121.1,47.4,84.2,56.3,15.8,31.6,50.0,10.5,15.8,66.7,15.8,31.6,47.4,26.3,26.3,21.1,10.5,10.5,31.6,10.5,73.7
164,J. Valanciunas - K. Anderson - D. Brooks - J. Jackson Jr. - J. Morant,MEM,16,46.1,91.5,38.2,84.2,45.3,6.1,25.2,24.1,9.1,14.2,63.8,7.9,40.0,47.9,18.2,17.0,5.2,5.8,4.5,20.6,17.3,-12.4
165,J. Valanciunas - S. Hill - K. Anderson - T. Jones - G. Allen,MEM,2,46.1,118.8,37.5,93.8,40.0,6.3,31.3,20.0,37.5,56.3,66.7,37.5,25.0,62.5,25.0,12.5,0.0,0.0,0.0,12.5,43.8,0.0
166,S. Hill - K. Anderson - D. Brooks - J. Jackson Jr. - J. Morant,MEM,6,46.1,117.4,47.8,78.3,61.1,8.7,17.4,50.0,13.0,21.7,60.0,8.7,21.7,30.4,26.1,17.4,17.4,8.7,0.0,43.5,13.0,8.7
167,S. Hill - K. Anderson - T. Jones - D. Brooks - B. Clarke,MEM,2,46.1,100.0,28.6,71.4,40.0,0.0,14.3,0.0,42.9,57.1,75.0,0.0,28.6,28.6,14.3,14.3,14.3,14.3,0.0,28.6,42.9,28.6
168,J. Crowder - K. Anderson - B. Caboclo - T. Jones - B. Clarke,MEM,1,46.0,180.0,80.0,100.0,80.0,20.0,40.0,50.0,0.0,0.0,0.0,0.0,40.0,40.0,60.0,0.0,0.0,0.0,0.0,20.0,0.0,40.0
169,J. Crowder - S. Hill - T. Jones - D. Brooks - J. Jackson Jr.,MEM,9,46.0,110.4,35.4,91.7,38.6,18.8,41.7,45.0,20.8,22.9,90.9,6.3,27.1,33.3,25.0,2.1,6.3,0.0,2.1,12.5,20.8,-4.2
170,J. Valanciunas - K. Anderson - D. Brooks - D. Melton - B. Clarke,MEM,2,46.0,112.5,37.5,75.0,50.0,0.0,25.0,0.0,37.5,50.0,75.0,12.5,50.0,62.5,37.5,0.0,12.5,0.0,0.0,25.0,25.0,0.0
171,B. Caboclo - G. Allen - D. Melton - B. Clarke - M. Guduric,MEM,3,45.9,60.0,13.3,86.7,15.4,6.7,40.0,16.7,26.7,26.7,100,13.3,26.7,40.0,13.3,20.0,6.7,6.7,6.7,13.3,33.3,-53.3
172,G. Dieng - D. Brooks - D. Melton - J. Morant - B. Clarke,MEM,2,45.9,33.3,0.0,133.3,0.0,0.0,66.7,0.0,33.3,33.3,100,33.3,33.3,66.7,0.0,0.0,0.0,0.0,33.3,66.7,0.0,-100.0
173,J. Valanciunas - S. Hill - D. Brooks - Y. Watanabe - J. Morant,MEM,1,45.8,187.5,62.5,75.0,83.3,25.0,37.5,66.7,37.5,37.5,100,12.5,62.5,75.0,37.5,25.0,0.0,0.0,0.0,12.5,37.5,137.5
174,A. Tolliver - G. Dieng - T. Jones - J. Jackson - J. Morant,MEM,2,45.7,57.1,14.3,71.4,20.0,14.3,71.4,20.0,14.3,57.1,25.0,14.3,28.6,42.9,14.3,14.3,0.0,0.0,0.0,14.3,28.6,-42.9
175,A. Tolliver - J. Valanciunas - K. Anderson - D. Brooks - J. Morant,MEM,5,45.7,105.4,40.9,82.8,49.4,12.9,35.5,36.4,10.8,15.1,71.4,10.8,41.9,52.7,25.8,21.5,7.5,3.2,2.2,19.4,19.4,21.5
176,J. Crowder - T. Jones - G. Allen - D. Melton - B. Clarke,MEM,1,45.7,128.6,57.1,100.0,57.1,0.0,28.6,0.0,14.3,28.6,50.0,14.3,14.3,28.6,57.1,0.0,42.9,14.3,0.0,0.0,14.3,71.4
177,J. Crowder - T. Jones - J. Jackson Jr. - B. Clarke - M. Guduric,MEM,9,45.7,113.8,41.4,84.5,49.0,6.9,29.3,23.5,24.1,25.9,93.3,8.6,27.6,36.2,27.6,10.3,8.6,5.2,1.7,29.3,24.1,-10.3
178,J. Valanciunas - G. Allen - D. Melton - J. Morant - B. Clarke,MEM,5,45.7,120.8,37.5,79.2,47.4,16.7,41.7,40.0,29.2,45.8,63.6,8.3,29.2,37.5,20.8,12.5,0.0,4.2,8.3,20.8,29.2,-25.0
179,J. Valanciunas - G. Dieng - J. Jackson - D. Melton - J. Morant,MEM,2,45.7,160.0,60.0,80.0,75.0,0.0,0.0,0.0,40.0,60.0,66.7,0.0,40.0,40.0,20.0,0.0,20.0,0.0,0.0,40.0,60.0,80.0
180,J. Valanciunas - S. Hill - K. Anderson - G. Allen - J. Morant,MEM,3,45.7,131.6,52.6,89.5,58.8,26.3,36.8,71.4,0.0,0.0,0.0,0.0,36.8,36.8,36.8,10.5,10.5,5.3,10.5,21.1,5.3,47.4
181,G. Dieng - T. Jones - J. Jackson - Y. Watanabe - J. Morant,MEM,1,45.6,137.5,50.0,87.5,57.1,12.5,37.5,33.3,25.0,25.0,100,0.0,37.5,37.5,37.5,0.0,12.5,12.5,0.0,12.5,25.0,37.5
182,J. Crowder - S. Hill - J. Jackson - D. Brooks - J. Morant,MEM,1,45.6,116.7,33.3,100.0,33.3,16.7,50.0,33.3,33.3,33.3,100,16.7,16.7,33.3,16.7,0.0,16.7,0.0,0.0,16.7,33.3,-33.3
183,J. Valanciunas - K. Anderson - D. Brooks - J. Morant - M. Guduric,MEM,1,45.6,150.0,50.0,62.5,80.0,12.5,12.5,100,37.5,50.0,75.0,0.0,37.5,37.5,25.0,12.5,0.0,0.0,0.0,12.5,25.0,12.5
184,J. Valanciunas - K. Anderson - D. Brooks - Y. Watanabe - J. Morant,MEM,1,45.6,166.7,83.3,116.7,71.4,0.0,16.7,0.0,0.0,0.0,0.0,16.7,50.0,66.7,16.7,0.0,0.0,16.7,0.0,16.7,0.0,66.7
185,J. Valanciunas - K. Anderson - J. Jackson - D. Brooks - J. Morant,MEM,8,45.5,115.7,44.6,79.5,56.1,10.8,24.1,45.0,15.7,22.9,68.4,6.0,38.6,44.6,28.9,13.3,8.4,6.0,7.2,12.0,24.1,8.4
186,J. Valanciunas - K. Anderson - T. Jones - D. Brooks - B. Clarke,MEM,5,45.5,65.5,31.0,82.8,37.5,3.4,13.8,25.0,0.0,0.0,0.0,6.9,24.1,31.0,27.6,24.1,13.8,13.8,10.3,20.7,6.9,-44.8
187,S. Hill - G. Allen - J. Jackson Jr. - D. Melton - M. Guduric,MEM,3,45.4,137.5,37.5,100.0,37.5,12.5,50.0,25.0,50.0,50.0,100,25.0,12.5,37.5,25.0,12.5,0.0,0.0,12.5,50.0,25.0,-37.5
188,A. Tolliver - J. Valanciunas - K. Anderson - D. Brooks - D. Melton,MEM,4,45.3,126.3,47.4,100.0,47.4,21.1,42.1,50.0,10.5,10.5,100,5.3,31.6,36.8,47.4,0.0,0.0,0.0,5.3,21.1,21.1,15.8
189,J. Valanciunas - D. Brooks - G. Allen - J. Jackson Jr. - J. Morant,MEM,5,45.3,111.4,40.0,102.9,38.9,5.7,22.9,25.0,25.7,28.6,90.0,20.0,22.9,42.9,25.7,11.4,11.4,5.7,11.4,25.7,37.1,17.1
190,J. Valanciunas - S. Hill - K. Anderson - D. Melton - J. Morant,MEM,10,45.3,88.9,36.1,77.8,46.4,11.1,25.0,44.4,5.6,8.3,66.7,8.3,36.1,44.4,22.2,16.7,8.3,5.6,8.3,16.7,27.8,-30.6
191,S. Hill - D. Brooks - G. Allen - J. Jackson Jr. - J. Morant,MEM,8,45.3,130.0,50.0,84.0,59.5,20.0,38.0,52.6,10.0,12.0,83.3,0.0,22.0,22.0,40.0,6.0,8.0,2.0,2.0,16.0,22.0,18.0
192,A. Tolliver - G. Dieng - T. Jones - J. Jackson - J. Konchar,MEM,5,45.2,120.2,45.0,89.0,50.5,15.6,35.8,43.6,14.7,20.2,72.7,8.3,36.7,45.0,28.4,10.1,10.1,5.5,4.6,18.3,15.6,32.1
193,J. Crowder - T. Jones - G. Allen - J. Jackson Jr. - B. Clarke,MEM,7,45.2,80.0,33.3,77.8,42.9,8.9,33.3,26.7,4.4,15.6,28.6,4.4,28.9,33.3,28.9,17.8,6.7,4.4,0.0,17.8,26.7,-44.4
194,J. Valanciunas - S. Hill - D. Brooks - G. Allen - J. Morant,MEM,15,45.2,106.8,43.7,90.3,48.4,10.7,30.1,35.5,8.7,12.6,69.2,9.7,32.0,41.7,23.3,13.6,2.9,2.9,5.8,22.3,14.6,-20.4
195,K. Anderson - D. Brooks - J. Jackson Jr. - D. Melton - J. Morant,MEM,3,45.2,111.1,33.3,111.1,30.0,0.0,44.4,0.0,44.4,44.4,100,44.4,55.6,100.0,11.1,11.1,22.2,0.0,11.1,11.1,22.2,111.1
196,K. Anderson - T. Jones - J. Jackson Jr. - D. Melton - B. Clarke,MEM,18,45.2,130.8,46.7,91.6,51.0,15.9,33.6,47.2,21.5,23.4,92.0,7.5,39.3,46.7,32.7,9.3,8.4,5.6,5.6,16.8,18.7,38.3
197,A. Tolliver - J. Jackson - G. Allen - D. Melton - B. Clarke,MEM,1,45.1,66.7,33.3,66.7,50.0,0.0,0.0,0.0,0.0,0.0,0.0,0.0,33.3,33.3,33.3,33.3,0.0,0.0,0.0,33.3,0.0,-166.7
198,J. Crowder - T. Jones - J. Jackson Jr. - D. Melton - B. Clarke,MEM,16,45.1,125.3,46.0,83.9,54.8,13.8,33.3,41.4,19.5,24.1,81.0,10.3,33.3,43.7,39.1,12.6,9.2,6.9,2.3,21.8,16.1,10.3
199,J. Valanciunas - K. Anderson - D. Brooks - J. Morant - B. Clarke,MEM,14,45.1,94.2,40.7,88.4,46.1,3.5,20.9,16.7,9.3,16.3,57.1,14.0,33.7,47.7,17.4,17.4,5.8,2.3,7.0,16.3,20.9,-12.8
200,J. Valanciunas - S. Hill - D. Brooks - J. Morant - M. Guduric,MEM,6,45.1,72.7,30.3,78.8,38.5,6.1,27.3,22.2,6.1,9.1,66.7,9.1,54.5,63.6,21.2,18.2,6.1,9.1,3.0,9.1,9.1,-33.3
201,G. Dieng - G. Allen - D. Melton - J. Morant - B. Clarke,MEM,4,45.0,97.1,32.4,79.4,40.7,13.2,30.9,42.9,19.1,29.4,65.0,16.2,35.3,51.5,29.4,22.1,10.3,4.4,2.9,14.7,20.6,-2.9
202,J. Crowder - K. Anderson - T. Jones - G. Allen - B. Clarke,MEM,1,45.0,40.0,0.0,60.0,0.0,0.0,20.0,0.0,40.0,60.0,66.7,0.0,40.0,40.0,0.0,20.0,0.0,20.0,20.0,20.0,40.0,-100.0
203,J. Valanciunas - D. Brooks - J. Jackson Jr. - D. Melton - J. Morant,MEM,1,45.0,50.0,25.0,50.0,50.0,0.0,0.0,0.0,0.0,0.0,0.0,0.0,25.0,25.0,0.0,25.0,0.0,25.0,0.0,25.0,25.0,0.0
204,J. Valanciunas - J. Crowder - T. Jones - D. Brooks - B. Clarke,MEM,10,45.0,107.8,45.1,86.3,52.3,7.8,23.5,33.3,9.8,9.8,100,3.9,43.1,47.1,27.5,13.7,2.0,7.8,0.0,17.6,13.7,13.7
205,S. Hill - K. Anderson - B. Caboclo - T. Jones - B. Clarke,MEM,1,45.0,60.0,20.0,40.0,50.0,0.0,0.0,0.0,20.0,40.0,50.0,0.0,20.0,20.0,20.0,40.0,40.0,40.0,0.0,20.0,20.0,-40.0
206,T. Jones - G. Allen - J. Jackson Jr. - B. Clarke - M. Guduric,MEM,2,45.0,50.0,25.0,75.0,33.3,0.0,25.0,0.0,0.0,0.0,0.0,0.0,25.0,25.0,25.0,25.0,0.0,25.0,0.0,75.0,25.0,-125.0
207,J. Crowder - T. Jones - D. Brooks - G. Allen - J. Jackson Jr.,MEM,4,44.9,116.7,37.5,87.5,42.9,8.3,41.7,20.0,33.3,41.7,80.0,4.2,20.8,25.0,25.0,0.0,12.5,12.5,0.0,8.3,25.0,-8.3
208,G. Dieng - T. Jones - J. Jackson - D. Melton - Y. Watanabe,MEM,1,44.8,66.7,22.2,66.7,33.3,0.0,11.1,0.0,22.2,22.2,100,0.0,11.1,11.1,11.1,22.2,0.0,0.0,11.1,22.2,33.3,-100.0
209,J. Crowder - D. Brooks - J. Jackson Jr. - J. Morant - B. Clarke,MEM,22,44.8,80.6,30.1,82.5,36.5,9.7,29.1,33.3,10.7,17.5,61.1,12.6,31.1,43.7,20.4,20.4,5.8,6.8,6.8,24.3,20.4,-41.7
210,J. Crowder - S. Hill - D. Brooks - J. Jackson Jr. - D. Melton,MEM,3,44.8,131.6,42.1,84.2,50.0,21.1,47.4,44.4,26.3,26.3,100,0.0,21.1,21.1,26.3,5.3,10.5,15.8,5.3,26.3,31.6,0.0
211,J. Valanciunas - J. Crowder - T. Jones - B. Clarke - M. Guduric,MEM,4,44.8,128.6,52.4,90.5,57.9,19.0,28.6,66.7,4.8,4.8,100,4.8,28.6,33.3,38.1,19.0,0.0,0.0,9.5,4.8,9.5,-4.8
212,J. Valanciunas - K. Anderson - G. Allen - D. Melton - B. Clarke,MEM,5,44.8,86.8,31.6,84.2,37.5,5.3,21.1,25.0,18.4,31.6,58.3,10.5,47.4,57.9,23.7,7.9,0.0,0.0,5.3,18.4,21.1,-31.6
213,J. Valanciunas - S. Hill - T. Jones - G. Allen - D. Melton,MEM,3,44.8,88.2,35.3,88.2,40.0,11.8,35.3,33.3,5.9,11.8,50.0,5.9,35.3,41.2,35.3,11.8,0.0,5.9,17.6,17.6,35.3,17.6
214,G. Dieng - D. Brooks - G. Allen - J. Morant - B. Clarke,MEM,4,44.7,132.6,48.8,79.1,61.8,4.7,16.3,28.6,30.2,32.6,92.9,2.3,32.6,34.9,32.6,7.0,2.3,7.0,4.7,20.9,27.9,25.6
215,G. Dieng - D. Brooks - J. Morant - B. Clarke - M. Guduric,MEM,1,44.7,60.0,30.0,80.0,37.5,0.0,30.0,0.0,0.0,0.0,0.0,0.0,50.0,50.0,20.0,20.0,0.0,10.0,0.0,30.0,0.0,-50.0
216,J. Valanciunas - G. Dieng - T. Jones - D. Brooks - J. Morant,MEM,4,44.7,81.3,31.3,75.0,41.7,12.5,25.0,50.0,6.3,6.3,100,6.3,43.8,50.0,18.8,12.5,0.0,0.0,6.3,25.0,6.3,-12.5
217,J. Valanciunas - J. Crowder - K. Anderson - T. Jones - M. Guduric,MEM,1,44.7,133.3,66.7,133.3,50.0,0.0,33.3,0.0,0.0,0.0,0.0,66.7,0.0,66.7,33.3,33.3,0.0,0.0,0.0,66.7,0.0,0.0
218,J. Valanciunas - K. Anderson - D. Melton - J. Morant - B. Clarke,MEM,5,44.7,82.4,35.3,94.1,37.5,11.8,41.2,28.6,0.0,0.0,0.0,5.9,35.3,41.2,29.4,5.9,5.9,11.8,5.9,11.8,17.6,-11.8
219,S. Hill - B. Caboclo - D. Brooks - D. Melton - M. Guduric,MEM,2,44.7,180.0,40.0,100.0,40.0,20.0,60.0,33.3,80.0,80.0,100,40.0,60.0,100.0,20.0,0.0,20.0,0.0,0.0,20.0,60.0,160.0
220,S. Hill - D. Brooks - J. Jackson Jr. - D. Melton - J. Morant,MEM,2,44.7,200.0,66.7,125.0,53.3,41.7,58.3,71.4,25.0,25.0,100,33.3,66.7,100.0,50.0,0.0,8.3,33.3,0.0,8.3,25.0,141.7
221,S. Hill - K. Anderson - D. Brooks - J. Morant - B. Clarke,MEM,3,44.7,130.0,60.0,120.0,50.0,0.0,30.0,0.0,10.0,20.0,50.0,30.0,30.0,60.0,30.0,0.0,0.0,10.0,10.0,20.0,10.0,20.0
222,J. Crowder - S. Hill - K. Anderson - D. Brooks - J. Morant,MEM,2,44.6,87.5,37.5,75.0,50.0,12.5,25.0,50.0,0.0,0.0,0.0,0.0,12.5,12.5,37.5,25.0,12.5,12.5,0.0,12.5,12.5,12.5
223,T. Jones - J. Jackson - D. Melton - Y. Watanabe - B. Clarke,MEM,3,44.6,93.3,40.0,80.0,50.0,0.0,13.3,0.0,13.3,20.0,66.7,0.0,33.3,33.3,20.0,13.3,6.7,0.0,6.7,20.0,13.3,-33.3
224,J. Crowder - S. Hill - B. Caboclo - D. Brooks - D. Melton,MEM,2,44.4,87.5,25.0,50.0,50.0,0.0,25.0,0.0,37.5,50.0,75.0,0.0,25.0,25.0,12.5,25.0,12.5,0.0,0.0,12.5,25.0,-37.5
225,J. Valanciunas - J. Crowder - T. Jones - G. Allen - B. Clarke,MEM,1,44.4,0.0,0.0,33.3,0.0,0.0,33.3,0.0,0.0,0.0,0.0,0.0,0.0,0.0,0.0,66.7,0.0,0.0,0.0,100.0,33.3,-200.0
226,J. Valanciunas - K. Anderson - T. Jones - B. Clarke - M. Guduric,MEM,4,44.4,77.8,27.8,88.9,31.3,5.6,22.2,25.0,16.7,22.2,75.0,22.2,38.9,61.1,16.7,16.7,0.0,0.0,22.2,16.7,16.7,-61.1
227,G. Dieng - J. Jackson - Y. Watanabe - J. Konchar - M. Guduric,MEM,2,44.3,100.0,35.7,71.4,50.0,7.1,21.4,33.3,21.4,21.4,100,7.1,57.1,64.3,14.3,28.6,7.1,0.0,0.0,0.0,14.3,42.9
228,S. Hill - K. Anderson - T. Jones - D. Melton - B. Clarke,MEM,13,44.3,105.2,40.9,82.6,49.5,6.1,21.7,28.0,17.4,19.1,90.9,7.0,32.2,39.1,27.0,11.3,8.7,8.7,2.6,19.1,13.9,2.6
229,J. Valanciunas - K. Anderson - T. Jones - J. Jackson - J. Konchar,MEM,2,44.2,70.0,30.0,130.0,23.1,0.0,20.0,0.0,10.0,20.0,50.0,40.0,20.0,60.0,10.0,0.0,0.0,10.0,10.0,20.0,20.0,-110.0
230,S. Hill - B. Caboclo - T. Jones - D. Brooks - M. Guduric,MEM,3,44.2,75.0,25.0,50.0,50.0,12.5,12.5,100,12.5,25.0,50.0,12.5,12.5,25.0,25.0,37.5,12.5,12.5,0.0,25.0,25.0,-50.0
231,D. Brooks - J. Jackson Jr. - D. Melton - J. Morant - B. Clarke,MEM,13,44.1,116.3,42.3,87.0,48.6,5.7,26.8,21.2,26.0,30.9,84.2,10.6,32.5,43.1,26.0,9.8,4.9,5.7,6.5,24.4,22.8,7.3
232,J. Valanciunas - J. Crowder - S. Hill - J. Jackson Jr. - J. Morant,MEM,2,44.1,69.2,15.4,61.5,25.0,7.7,30.8,25.0,30.8,30.8,100,0.0,23.1,23.1,0.0,15.4,0.0,0.0,15.4,7.7,30.8,-61.5
233,J. Crowder - S. Hill - D. Brooks - J. Jackson Jr. - J. Morant,MEM,15,44.0,115.7,39.7,74.4,53.3,9.9,24.8,40.0,26.4,32.2,82.1,7.4,33.1,40.5,24.8,14.9,8.3,6.6,5.0,21.5,26.4,3.3
234,J. Crowder - S. Hill - K. Anderson - J. Morant - B. Clarke,MEM,2,44.0,100.0,37.5,75.0,50.0,12.5,12.5,100,12.5,25.0,50.0,0.0,25.0,25.0,37.5,0.0,12.5,12.5,0.0,0.0,12.5,-12.5
235,J. Valanciunas - J. Crowder - T. Jones - D. Brooks - J. Jackson Jr.,MEM,16,44.0,94.2,35.5,84.8,41.9,12.3,37.0,33.3,10.9,14.5,75.0,8.0,38.4,46.4,24.6,15.9,7.2,7.2,6.5,18.1,13.8,-16.7
236,G. Allen - J. Jackson Jr. - D. Melton - J. Morant - B. Clarke,MEM,7,43.9,100.0,33.3,68.9,48.4,11.1,24.4,45.5,22.2,26.7,83.3,2.2,28.9,31.1,22.2,15.6,8.9,8.9,8.9,13.3,24.4,11.1
237,J. Valanciunas - J. Crowder - S. Hill - G. Allen - D. Melton,MEM,2,43.9,138.9,50.0,100.0,50.0,22.2,38.9,57.1,16.7,22.2,75.0,11.1,27.8,38.9,33.3,11.1,11.1,0.0,5.6,44.4,27.8,11.1
238,J. Valanciunas - J. Crowder - S. Hill - G. Allen - J. Morant,MEM,2,43.9,100.0,50.0,83.3,60.0,0.0,33.3,0.0,0.0,0.0,0.0,0.0,33.3,33.3,16.7,16.7,0.0,0.0,0.0,33.3,0.0,-66.7
239,J. Valanciunas - K. Anderson - T. Jones - D. Melton - B. Clarke,MEM,11,43.9,105.7,39.6,75.5,52.5,13.2,24.5,53.8,13.2,18.9,70.0,3.8,43.4,47.2,32.1,17.0,3.8,9.4,0.0,7.5,11.3,24.5
240,G. Dieng - T. Jones - Y. Watanabe - J. Konchar - M. Guduric,MEM,1,43.8,0.0,0.0,50.0,0.0,0.0,0.0,0.0,0.0,0.0,0.0,0.0,25.0,25.0,0.0,25.0,0.0,0.0,0.0,0.0,0.0,-75.0
241,J. Crowder - K. Anderson - J. Jackson - D. Melton - J. Morant,MEM,1,43.8,125.0,50.0,87.5,57.1,0.0,12.5,0.0,25.0,50.0,50.0,37.5,12.5,50.0,0.0,12.5,0.0,12.5,0.0,0.0,25.0,-25.0
242,J. Crowder - S. Hill - T. Jones - D. Brooks - B. Clarke,MEM,6,43.8,90.9,36.4,81.8,44.4,9.1,22.7,40.0,9.1,9.1,100,9.1,22.7,31.8,18.2,4.5,4.5,0.0,0.0,4.5,4.5,-63.6
243,S. Hill - T. Jones - J. Jackson Jr. - B. Clarke - M. Guduric,MEM,1,43.8,75.0,33.3,50.0,66.7,8.3,25.0,33.3,0.0,0.0,0.0,0.0,41.7,41.7,25.0,41.7,16.7,8.3,0.0,0.0,16.7,8.3
244,A. Tolliver - J. Valanciunas - D. Brooks - D. Melton - J. Morant,MEM,5,43.7,92.0,40.0,68.0,58.8,0.0,8.0,0.0,12.0,20.0,60.0,0.0,32.0,32.0,28.0,16.0,32.0,4.0,0.0,16.0,20.0,32.0
245,J. Valanciunas - D. Brooks - G. Allen - J. Morant - B. Clarke,MEM,7,43.7,82.2,31.1,82.2,37.8,4.4,24.4,18.2,15.6,22.2,70.0,11.1,35.6,46.7,17.8,11.1,0.0,0.0,2.2,24.4,13.3,-15.6
246,J. Valanciunas - K. Anderson - T. Jones - J. Jackson Jr. - D. Melton,MEM,2,43.7,105.6,33.3,72.2,46.2,5.6,16.7,33.3,33.3,33.3,100,11.1,22.2,33.3,27.8,22.2,11.1,0.0,5.6,11.1,16.7,-33.3
247,K. Anderson - J. Jackson Jr. - D. Melton - J. Morant - B. Clarke,MEM,6,43.7,163.6,59.1,100.0,59.1,13.6,22.7,60.0,31.8,31.8,100,18.2,31.8,50.0,36.4,4.5,9.1,4.5,4.5,4.5,27.3,109.1
248,A. Tolliver - G. Dieng - G. Allen - D. Melton - J. Morant,MEM,2,43.4,105.6,38.9,88.9,43.8,16.7,27.8,60.0,11.1,11.1,100,5.6,22.2,27.8,22.2,16.7,5.6,0.0,11.1,16.7,16.7,-5.6
249,J. Valanciunas - J. Crowder - K. Anderson - D. Brooks - J. Morant,MEM,2,43.4,100.0,42.9,114.3,37.5,14.3,28.6,50.0,0.0,0.0,0.0,14.3,42.9,57.1,14.3,0.0,0.0,0.0,42.9,14.3,0.0,28.6
250,A. Tolliver - G. Dieng - D. Brooks - G. Allen - J. Morant,MEM,3,43.3,70.0,20.0,60.0,33.3,10.0,40.0,25.0,20.0,20.0,100,0.0,40.0,40.0,20.0,30.0,0.0,10.0,0.0,70.0,10.0,-70.0
251,G. Dieng - K. Anderson - D. Melton - J. Morant - J. Konchar,MEM,1,43.3,125.0,50.0,50.0,100,25.0,25.0,100,0.0,0.0,0.0,0.0,25.0,25.0,25.0,25.0,0.0,0.0,0.0,25.0,25.0,-50.0
252,G. Dieng - K. Anderson - J. Jackson - J. Morant - J. Konchar,MEM,1,43.3,0.0,0.0,50.0,0.0,0.0,50.0,0.0,0.0,0.0,0.0,0.0,0.0,0.0,0.0,50.0,0.0,0.0,0.0,0.0,0.0,-100.0
253,J. Crowder - B. Caboclo - D. Brooks - G. Allen - D. Melton,MEM,2,43.3,94.7,31.6,73.7,42.9,5.3,31.6,16.7,26.3,31.6,83.3,0.0,26.3,26.3,21.1,5.3,10.5,5.3,0.0,31.6,21.1,5.3
254,J. Crowder - J. Jackson Jr. - D. Melton - J. Morant - M. Guduric,MEM,1,43.3,133.3,50.0,66.7,75.0,0.0,16.7,0.0,33.3,33.3,100,0.0,50.0,50.0,16.7,16.7,16.7,0.0,0.0,0.0,33.3,100.0
255,J. Valanciunas - J. Crowder - D. Brooks - J. Morant - M. Guduric,MEM,1,43.3,133.3,33.3,66.7,50.0,0.0,0.0,0.0,66.7,66.7,100,0.0,33.3,33.3,33.3,0.0,33.3,0.0,0.0,0.0,33.3,66.7
256,J. Valanciunas - J. Crowder - T. Jones - D. Brooks - G. Allen,MEM,1,43.3,0.0,0.0,75.0,0.0,0.0,50.0,0.0,0.0,0.0,0.0,0.0,50.0,50.0,0.0,25.0,25.0,0.0,0.0,0.0,0.0,-50.0
257,S. Hill - B. Caboclo - T. Jones - D. Brooks - D. Melton,MEM,1,43.3,200.0,66.7,100.0,66.7,33.3,66.7,50.0,33.3,33.3,100,0.0,33.3,33.3,33.3,0.0,33.3,0.0,0.0,0.0,33.3,200.0
258,S. Hill - B. Caboclo - T. Jones - D. Melton - M. Guduric,MEM,1,43.3,112.5,50.0,75.0,66.7,12.5,25.0,50.0,0.0,0.0,0.0,0.0,25.0,25.0,25.0,12.5,12.5,0.0,0.0,0.0,0.0,-50.0
259,S. Hill - D. Brooks - G. Allen - J. Jackson Jr. - D. Melton,MEM,2,43.3,100.0,42.9,85.7,50.0,14.3,42.9,33.3,0.0,0.0,0.0,0.0,28.6,28.6,42.9,14.3,14.3,0.0,0.0,42.9,0.0,71.4
260,S. Hill - T. Jones - D. Melton - J. Morant - B. Clarke,MEM,1,43.3,60.0,20.0,120.0,16.7,0.0,0.0,0.0,20.0,40.0,50.0,60.0,20.0,80.0,0.0,20.0,0.0,0.0,20.0,0.0,20.0,-120.0
261,S. Hill - T. Jones - G. Allen - J. Jackson Jr. - M. Guduric,MEM,1,43.3,300.0,100.0,100.0,100,100.0,100.0,100,0.0,0.0,0.0,0.0,100.0,100.0,100.0,0.0,0.0,0.0,0.0,100.0,0.0,300.0
262,G. Dieng - T. Jones - J. Jackson - D. Brooks - B. Clarke,MEM,2,43.2,130.8,53.8,130.8,41.2,7.7,15.4,50.0,15.4,30.8,50.0,46.2,38.5,84.6,23.1,0.0,7.7,0.0,7.7,7.7,30.8,69.2
263,S. Hill - D. Brooks - J. Jackson Jr. - J. Morant - B. Clarke,MEM,2,43.2,130.0,50.0,100.0,50.0,30.0,50.0,60.0,0.0,0.0,0.0,0.0,20.0,20.0,40.0,0.0,10.0,0.0,0.0,40.0,0.0,-20.0
264,B. Caboclo - G. Allen - D. Melton - Y. Watanabe - M. Guduric,MEM,1,43.1,155.6,55.6,77.8,71.4,11.1,11.1,100,33.3,55.6,60.0,0.0,44.4,44.4,33.3,0.0,22.2,11.1,0.0,0.0,33.3,100.0
265,G. Dieng - J. Jackson - D. Brooks - J. Morant - B. Clarke,MEM,3,43.1,142.1,63.2,94.7,66.7,5.3,10.5,50.0,10.5,21.1,50.0,10.5,31.6,42.1,31.6,5.3,10.5,0.0,5.3,26.3,15.8,47.4
266,J. Valanciunas - J. Crowder - D. Brooks - J. Morant - B. Clarke,MEM,17,43.1,110.4,42.4,86.4,49.1,9.6,23.2,41.4,16.0,20.8,76.9,11.2,40.8,52.0,27.2,9.6,8.8,4.8,5.6,18.4,17.6,28.0
267,J. Valanciunas - J. Crowder - D. Melton - J. Morant - B. Clarke,MEM,4,43.1,107.1,42.9,78.6,54.5,0.0,7.1,0.0,21.4,21.4,100,7.1,21.4,28.6,28.6,21.4,21.4,0.0,7.1,28.6,21.4,-7.1
268,S. Hill - B. Caboclo - T. Jones - D. Brooks - G. Allen,MEM,2,43.1,142.9,57.1,100.0,57.1,28.6,42.9,66.7,0.0,0.0,0.0,0.0,28.6,28.6,28.6,0.0,14.3,0.0,0.0,28.6,14.3,28.6
269,G. Dieng - K. Anderson - T. Jones - D. Brooks - D. Melton,MEM,2,43.0,64.7,23.5,70.6,33.3,5.9,35.3,16.7,11.8,17.6,66.7,5.9,47.1,52.9,23.5,23.5,0.0,11.8,0.0,5.9,17.6,-35.3
270,J. Valanciunas - J. Crowder - T. Jones - J. Jackson Jr. - D. Melton,MEM,1,43.0,100.0,40.0,60.0,66.7,20.0,20.0,100,0.0,0.0,0.0,0.0,20.0,20.0,20.0,20.0,0.0,0.0,0.0,0.0,40.0,-80.0
271,K. Anderson - T. Jones - J. Jackson Jr. - B. Clarke - M. Guduric,MEM,7,43.0,110.7,44.6,83.9,53.2,14.3,32.1,44.4,7.1,10.7,66.7,5.4,26.8,32.1,33.9,10.7,8.9,5.4,10.7,16.1,8.9,10.7
272,S. Hill - K. Anderson - J. Jackson Jr. - D. Melton - M. Guduric,MEM,2,43.0,133.3,50.0,116.7,42.9,16.7,33.3,50.0,16.7,16.7,100,16.7,50.0,66.7,33.3,0.0,0.0,16.7,0.0,16.7,16.7,100.0
273,J. Valanciunas - K. Anderson - T. Jones - J. Jackson - D. Melton,MEM,1,42.9,128.6,57.1,85.7,66.7,14.3,28.6,50.0,0.0,0.0,0.0,0.0,28.6,28.6,28.6,0.0,14.3,14.3,0.0,42.9,14.3,14.3
274,A. Tolliver - D. Brooks - G. Allen - J. Morant - B. Clarke,MEM,3,42.8,107.1,42.9,89.3,48.0,10.7,32.1,33.3,10.7,10.7,100,7.1,28.6,35.7,21.4,17.9,7.1,0.0,10.7,35.7,21.4,14.3
275,A. Tolliver - J. Valanciunas - D. Brooks - G. Allen - J. Morant,MEM,5,42.8,96.7,36.7,83.3,44.0,16.7,40.0,41.7,6.7,10.0,66.7,10.0,20.0,30.0,26.7,13.3,10.0,6.7,6.7,16.7,20.0,-13.3
276,G. Dieng - K. Anderson - D. Brooks - J. Morant - J. Konchar,MEM,2,42.8,150.0,33.3,50.0,66.7,16.7,16.7,100,66.7,66.7,100,0.0,50.0,50.0,16.7,16.7,0.0,0.0,0.0,0.0,33.3,83.3
277,J. Valanciunas - J. Crowder - D. Brooks - G. Allen - J. Morant,MEM,3,42.8,100.0,50.0,110.0,45.5,0.0,30.0,0.0,0.0,0.0,0.0,20.0,30.0,50.0,20.0,10.0,10.0,0.0,0.0,0.0,10.0,-10.0
278,T. Jones - J. Jackson - J. Jackson Jr. - D. Melton - B. Clarke,MEM,6,42.8,130.6,50.0,88.7,56.4,16.1,32.3,50.0,14.5,24.2,60.0,6.5,22.6,29.0,38.7,8.1,12.9,4.8,3.2,24.2,17.7,32.3
279,J. Crowder - K. Anderson - T. Jones - B. Clarke - M. Guduric,MEM,1,42.7,100.0,37.5,87.5,42.9,25.0,50.0,50.0,0.0,0.0,0.0,0.0,37.5,37.5,25.0,12.5,12.5,25.0,0.0,25.0,0.0,-12.5
280,K. Anderson - G. Allen - J. Jackson Jr. - J. Morant - B. Clarke,MEM,1,42.7,66.7,25.0,91.7,27.3,0.0,25.0,0.0,16.7,33.3,50.0,25.0,33.3,58.3,0.0,16.7,0.0,0.0,0.0,25.0,16.7,-41.7
281,J. Crowder - S. Hill - T. Jones - J. Jackson Jr. - M. Guduric,MEM,2,42.6,111.1,44.4,66.7,66.7,22.2,44.4,50.0,0.0,0.0,0.0,0.0,33.3,33.3,44.4,33.3,11.1,0.0,0.0,33.3,0.0,22.2
282,J. Crowder - T. Jones - D. Brooks - J. Jackson Jr. - B. Clarke,MEM,26,42.6,89.1,34.8,87.0,40.0,10.9,39.1,27.8,8.7,13.0,66.7,9.2,33.7,42.9,23.4,10.9,7.1,5.4,4.3,22.8,13.0,-13.6
283,J. Valanciunas - K. Anderson - D. Brooks - B. Clarke - J. Konchar,MEM,1,42.6,133.3,41.7,75.0,55.6,8.3,25.0,33.3,41.7,50.0,83.3,0.0,16.7,16.7,25.0,0.0,25.0,8.3,0.0,16.7,41.7,33.3
284,J. Valanciunas - K. Anderson - T. Jones - D. Brooks - D. Melton,MEM,4,42.6,103.8,38.5,73.1,52.6,7.7,23.1,33.3,19.2,26.9,71.4,3.8,30.8,34.6,19.2,11.5,7.7,15.4,3.8,26.9,15.4,-3.8
285,J. Valanciunas - S. Hill - K. Anderson - T. Jones - D. Melton,MEM,6,42.6,54.5,27.3,100.0,27.3,0.0,27.3,0.0,0.0,0.0,0.0,18.2,36.4,54.5,18.2,9.1,9.1,9.1,18.2,9.1,36.4,0.0
286,J. Crowder - S. Hill - K. Anderson - J. Jackson Jr. - D. Melton,MEM,1,42.5,0.0,0.0,50.0,0.0,0.0,50.0,0.0,0.0,0.0,0.0,0.0,0.0,0.0,0.0,0.0,0.0,0.0,0.0,0.0,50.0,-250.0
287,J. Crowder - S. Hill - T. Jones - G. Allen - B. Clarke,MEM,2,42.5,183.3,66.7,83.3,80.0,16.7,33.3,50.0,33.3,33.3,100,0.0,33.3,33.3,66.7,0.0,0.0,0.0,0.0,0.0,16.7,100.0
288,S. Hill - D. Melton - J. Morant - B. Clarke - M. Guduric,MEM,1,42.5,0.0,0.0,100.0,0.0,0.0,50.0,0.0,0.0,0.0,0.0,0.0,0.0,0.0,0.0,0.0,50.0,0.0,0.0,50.0,0.0,-250.0
289,G. Dieng - T. Jones - J. Jackson - D. Melton - J. Konchar,MEM,1,42.4,42.9,0.0,85.7,0.0,0.0,57.1,0.0,42.9,85.7,50.0,42.9,28.6,71.4,0.0,14.3,0.0,0.0,0.0,14.3,71.4,-71.4
290,J. Valanciunas - J. Jackson - D. Brooks - D. Melton - J. Morant,MEM,2,42.4,120.0,40.0,90.0,44.4,10.0,40.0,25.0,30.0,30.0,100,0.0,50.0,50.0,20.0,10.0,20.0,0.0,0.0,40.0,20.0,40.0
291,A. Tolliver - G. Dieng - T. Jones - J. Jackson - D. Brooks,MEM,4,42.3,66.7,26.7,73.3,36.4,0.0,33.3,0.0,13.3,20.0,66.7,0.0,46.7,46.7,13.3,6.7,6.7,6.7,6.7,26.7,26.7,-20.0
292,J. Crowder - S. Hill - D. Brooks - J. Morant - B. Clarke,MEM,6,42.3,102.6,43.6,82.1,53.1,7.7,23.1,33.3,7.7,15.4,50.0,10.3,23.1,33.3,20.5,23.1,12.8,2.6,5.1,28.2,7.7,0.0
293,J. Valanciunas - J. Jackson - D. Brooks - J. Morant - B. Clarke,MEM,2,42.3,100.0,20.0,80.0,25.0,0.0,40.0,0.0,60.0,60.0,100,0.0,40.0,40.0,20.0,0.0,0.0,0.0,0.0,20.0,0.0,60.0
294,A. Tolliver - G. Dieng - D. Brooks - D. Melton - J. Morant,MEM,2,42.2,83.3,33.3,83.3,40.0,16.7,66.7,25.0,0.0,0.0,0.0,16.7,16.7,33.3,16.7,16.7,0.0,0.0,0.0,33.3,0.0,-50.0
295,J. Valanciunas - K. Anderson - T. Jones - G. Allen - M. Guduric,MEM,3,42.2,105.0,25.0,70.0,35.7,15.0,45.0,33.3,40.0,50.0,80.0,10.0,40.0,50.0,20.0,15.0,5.0,0.0,10.0,20.0,25.0,30.0
296,J. Crowder - D. Brooks - G. Allen - J. Jackson Jr. - D. Melton,MEM,2,42.1,75.0,25.0,50.0,50.0,25.0,50.0,50.0,0.0,0.0,0.0,0.0,25.0,25.0,25.0,50.0,0.0,0.0,0.0,25.0,0.0,-100.0
297,J. Valanciunas - T. Jones - J. Jackson - D. Brooks - Y. Watanabe,MEM,1,42.0,100.0,40.0,100.0,40.0,0.0,0.0,0.0,20.0,40.0,50.0,20.0,20.0,40.0,0.0,0.0,0.0,0.0,0.0,40.0,40.0,-20.0
298,S. Hill - K. Anderson - B. Caboclo - T. Jones - G. Allen,MEM,1,42.0,0.0,0.0,100.0,0.0,0.0,100.0,0.0,0.0,0.0,0.0,0.0,100.0,100.0,0.0,0.0,0.0,0.0,0.0,0.0,0.0,0.0
299,G. Dieng - K. Anderson - T. Jones - J. Jackson - J. Morant,MEM,2,41.9,107.7,46.2,76.9,60.0,0.0,7.7,0.0,15.4,30.8,50.0,0.0,30.8,30.8,30.8,7.7,15.4,7.7,0.0,15.4,15.4,23.1
300,J. Crowder - B. Caboclo - G. Allen - D. Melton - M. Guduric,MEM,2,41.9,114.3,42.9,78.6,54.5,14.3,35.7,40.0,14.3,14.3,100,0.0,28.6,28.6,21.4,7.1,7.1,0.0,7.1,14.3,21.4,7.1
301,J. Crowder - B. Caboclo - T. Jones - D. Brooks - J. Jackson Jr.,MEM,1,41.9,83.3,33.3,83.3,40.0,0.0,33.3,0.0,16.7,33.3,50.0,0.0,50.0,50.0,16.7,16.7,16.7,0.0,0.0,50.0,50.0,33.3
302,J. Valanciunas - S. Hill - T. Jones - D. Melton - M. Guduric,MEM,1,41.9,200.0,83.3,116.7,71.4,33.3,33.3,100,0.0,0.0,0.0,16.7,33.3,50.0,66.7,0.0,16.7,0.0,0.0,33.3,0.0,50.0
303,G. Dieng - K. Anderson - J. Jackson - D. Brooks - J. Morant,MEM,3,41.8,130.0,50.0,80.0,62.5,10.0,20.0,50.0,20.0,20.0,100,0.0,50.0,50.0,30.0,20.0,10.0,0.0,0.0,80.0,10.0,40.0
304,J. Crowder - S. Hill - T. Jones - G. Allen - J. Jackson Jr.,MEM,6,41.8,111.9,42.4,84.7,50.0,13.6,44.1,30.8,13.6,13.6,100,1.7,25.4,27.1,35.6,15.3,13.6,3.4,3.4,23.7,22.0,20.3
305,J. Valanciunas - K. Anderson - J. Jackson Jr. - D. Melton - J. Morant,MEM,5,41.8,85.2,33.3,77.8,42.9,3.7,18.5,20.0,14.8,18.5,80.0,14.8,37.0,51.9,7.4,18.5,0.0,7.4,3.7,18.5,11.1,-40.7
306,J. Valanciunas - T. Jones - D. Melton - B. Clarke - M. Guduric,MEM,1,41.8,120.0,40.0,60.0,66.7,0.0,0.0,0.0,40.0,40.0,100,0.0,20.0,20.0,40.0,0.0,20.0,0.0,0.0,0.0,20.0,60.0
307,B. Caboclo - T. Jones - G. Allen - J. Jackson Jr. - D. Melton,MEM,1,41.7,57.1,28.6,85.7,33.3,0.0,14.3,0.0,0.0,0.0,0.0,0.0,85.7,85.7,14.3,14.3,0.0,14.3,42.9,28.6,0.0,0.0
308,J. Valanciunas - J. Crowder - S. Hill - T. Jones - M. Guduric,MEM,2,41.7,33.3,16.7,50.0,33.3,0.0,0.0,0.0,0.0,0.0,0.0,0.0,50.0,50.0,16.7,50.0,16.7,0.0,16.7,33.3,0.0,-100.0
309,K. Anderson - T. Jones - D. Brooks - G. Allen - B. Clarke,MEM,1,41.7,140.0,60.0,120.0,50.0,20.0,20.0,100,0.0,0.0,0.0,20.0,20.0,40.0,20.0,0.0,0.0,0.0,0.0,40.0,20.0,-20.0
310,K. Anderson - T. Jones - J. Jackson - D. Brooks - J. Jackson Jr.,MEM,1,41.7,0.0,0.0,66.7,0.0,0.0,0.0,0.0,0.0,0.0,0.0,0.0,33.3,33.3,0.0,33.3,0.0,0.0,0.0,33.3,33.3,-100.0
311,S. Hill - K. Anderson - J. Morant - B. Clarke - M. Guduric,MEM,5,41.5,120.0,45.0,75.0,60.0,10.0,25.0,40.0,20.0,30.0,66.7,5.0,15.0,20.0,35.0,20.0,5.0,0.0,5.0,30.0,15.0,15.0
312,J. Valanciunas - B. Caboclo - D. Brooks - D. Melton - M. Guduric,MEM,2,41.4,66.7,33.3,100.0,33.3,0.0,16.7,0.0,0.0,0.0,0.0,16.7,50.0,66.7,16.7,33.3,0.0,0.0,0.0,0.0,0.0,-16.7
313,K. Anderson - B. Caboclo - T. Jones - B. Clarke - M. Guduric,MEM,2,41.4,120.0,50.0,60.0,83.3,10.0,10.0,100,10.0,20.0,50.0,0.0,30.0,30.0,50.0,20.0,0.0,20.0,0.0,30.0,10.0,0.0
314,A. Tolliver - K. Anderson - G. Allen - D. Melton - B. Clarke,MEM,1,41.3,75.0,25.0,75.0,33.3,0.0,25.0,0.0,25.0,25.0,100,0.0,25.0,25.0,0.0,25.0,0.0,25.0,0.0,50.0,50.0,-50.0
315,J. Crowder - J. Jackson Jr. - D. Melton - J. Morant - B. Clarke,MEM,13,41.3,88.9,35.8,81.5,43.9,6.2,28.4,21.7,11.1,13.6,81.8,11.1,33.3,44.4,21.0,19.8,7.4,6.2,7.4,18.5,14.8,2.5
316,J. Valanciunas - K. Anderson - T. Jones - D. Brooks - J. Jackson Jr.,MEM,3,41.3,76.9,23.1,38.5,60.0,7.7,7.7,100,23.1,61.5,37.5,7.7,30.8,38.5,7.7,30.8,0.0,7.7,7.7,23.1,30.8,-46.2
317,K. Anderson - D. Brooks - J. Morant - B. Clarke - M. Guduric,MEM,1,41.3,100.0,50.0,50.0,100,0.0,0.0,0.0,0.0,0.0,0.0,0.0,100.0,100.0,50.0,0.0,0.0,0.0,0.0,0.0,0.0,100.0
318,G. Dieng - K. Anderson - J. Jackson - D. Melton - J. Morant,MEM,1,41.1,133.3,66.7,66.7,100,0.0,0.0,0.0,0.0,0.0,0.0,0.0,33.3,33.3,0.0,33.3,0.0,0.0,0.0,33.3,0.0,66.7
319,J. Crowder - B. Caboclo - T. Jones - D. Brooks - B. Clarke,MEM,1,41.1,100.0,33.3,66.7,50.0,0.0,33.3,0.0,33.3,66.7,50.0,0.0,33.3,33.3,0.0,0.0,0.0,0.0,0.0,0.0,33.3,33.3
320,J. Valanciunas - K. Anderson - T. Jones - J. Jackson - D. Brooks,MEM,1,41.1,83.3,33.3,66.7,50.0,0.0,0.0,0.0,16.7,33.3,50.0,0.0,66.7,66.7,16.7,0.0,0.0,0.0,0.0,16.7,33.3,0.0
321,K. Anderson - T. Jones - G. Allen - B. Clarke - M. Guduric,MEM,5,41.1,111.4,45.5,77.3,58.8,4.5,18.2,25.0,15.9,18.2,87.5,2.3,31.8,34.1,27.3,11.4,0.0,0.0,2.3,9.1,18.2,11.4
322,S. Hill - K. Anderson - G. Allen - D. Melton - B. Clarke,MEM,1,41.1,66.7,33.3,66.7,50.0,0.0,33.3,0.0,0.0,0.0,0.0,0.0,33.3,33.3,33.3,33.3,0.0,0.0,0.0,0.0,0.0,-166.7
323,B. Caboclo - D. Brooks - D. Melton - B. Clarke - M. Guduric,MEM,1,41.0,0.0,0.0,80.0,0.0,0.0,0.0,0.0,0.0,0.0,0.0,0.0,20.0,20.0,0.0,20.0,0.0,0.0,0.0,0.0,0.0,-100.0
324,K. Anderson - D. Brooks - J. Jackson Jr. - J. Morant - B. Clarke,MEM,9,40.9,108.1,37.8,62.2,60.9,5.4,18.9,28.6,27.0,35.1,76.9,2.7,13.5,16.2,18.9,18.9,16.2,2.7,2.7,40.5,27.0,2.7
325,J. Crowder - S. Hill - K. Anderson - T. Jones - J. Jackson Jr.,MEM,1,40.8,100.0,0.0,0.0,0.0,0.0,0.0,0.0,100.0,100.0,100,0.0,0.0,0.0,0.0,50.0,0.0,0.0,0.0,50.0,50.0,-100.0
326,J. Jackson - J. Jackson Jr. - D. Melton - J. Morant - B. Clarke,MEM,3,40.8,71.4,28.6,57.1,50.0,0.0,14.3,0.0,14.3,28.6,50.0,0.0,28.6,28.6,14.3,14.3,0.0,14.3,0.0,57.1,14.3,-157.1
327,J. Valanciunas - J. Crowder - K. Anderson - J. Morant - M. Guduric,MEM,2,40.8,72.7,18.2,54.5,33.3,0.0,0.0,0.0,36.4,54.5,66.7,0.0,18.2,18.2,0.0,9.1,18.2,9.1,0.0,9.1,36.4,-54.5
328,J. Valanciunas - J. Crowder - K. Anderson - T. Jones - J. Jackson Jr.,MEM,2,40.8,66.7,33.3,66.7,50.0,0.0,33.3,0.0,0.0,0.0,0.0,0.0,33.3,33.3,16.7,33.3,0.0,0.0,0.0,33.3,0.0,-100.0
329,J. Valanciunas - T. Jones - D. Brooks - J. Morant - B. Clarke,MEM,1,40.8,100.0,50.0,100.0,50.0,0.0,0.0,0.0,0.0,0.0,0.0,0.0,100.0,100.0,0.0,0.0,0.0,0.0,0.0,50.0,0.0,100.0
330,G. Dieng - T. Jones - J. Jackson - D. Brooks - J. Morant,MEM,1,40.7,188.9,77.8,100.0,77.8,22.2,33.3,66.7,11.1,22.2,50.0,0.0,0.0,0.0,44.4,0.0,33.3,11.1,11.1,11.1,11.1,33.3
331,J. Crowder - K. Anderson - D. Brooks - J. Jackson Jr. - J. Morant,MEM,3,40.7,30.0,10.0,60.0,16.7,0.0,20.0,0.0,10.0,10.0,100,0.0,20.0,20.0,0.0,40.0,10.0,0.0,0.0,10.0,10.0,-110.0
332,J. Crowder - T. Jones - J. Jackson Jr. - J. Morant - M. Guduric,MEM,1,40.7,100.0,28.6,71.4,40.0,0.0,14.3,0.0,42.9,85.7,50.0,0.0,28.6,28.6,28.6,0.0,14.3,0.0,14.3,0.0,42.9,0.0
333,K. Anderson - B. Caboclo - T. Jones - D. Brooks - J. Morant,MEM,1,40.7,120.0,40.0,100.0,40.0,0.0,20.0,0.0,40.0,40.0,100,20.0,0.0,20.0,40.0,0.0,40.0,0.0,0.0,20.0,20.0,20.0
334,S. Hill - K. Anderson - G. Allen - J. Morant - B. Clarke,MEM,3,40.7,20.0,0.0,60.0,0.0,0.0,10.0,0.0,20.0,20.0,100,10.0,70.0,80.0,0.0,20.0,0.0,10.0,10.0,0.0,10.0,-40.0
335,G. Dieng - G. Allen - D. Melton - B. Clarke - J. Konchar,MEM,1,40.6,0.0,0.0,100.0,0.0,0.0,66.7,0.0,0.0,0.0,0.0,0.0,0.0,0.0,0.0,0.0,0.0,0.0,0.0,0.0,0.0,-266.7
336,J. Valanciunas - T. Jones - J. Jackson - D. Melton - B. Clarke,MEM,3,40.6,141.2,58.8,111.8,52.6,17.6,23.5,75.0,5.9,5.9,100,11.8,29.4,41.2,23.5,0.0,17.6,5.9,11.8,17.6,5.9,47.1
337,S. Hill - K. Anderson - D. Melton - B. Clarke - M. Guduric,MEM,2,40.6,37.5,12.5,87.5,14.3,12.5,50.0,25.0,0.0,0.0,0.0,0.0,0.0,0.0,12.5,25.0,0.0,0.0,12.5,25.0,0.0,-150.0
338,J. Valanciunas - G. Dieng - T. Jones - J. Jackson - J. Morant,MEM,4,40.5,90.0,40.0,110.0,36.4,10.0,20.0,50.0,0.0,0.0,0.0,40.0,40.0,80.0,30.0,20.0,0.0,10.0,30.0,0.0,0.0,0.0
339,J. Valanciunas - K. Anderson - D. Brooks - G. Allen - J. Morant,MEM,4,40.4,103.4,34.5,72.4,47.6,10.3,24.1,42.9,24.1,27.6,87.5,10.3,34.5,44.8,17.2,20.7,3.4,6.9,6.9,27.6,24.1,-27.6
340,J. Valanciunas - K. Anderson - D. Brooks - J. Morant - J. Konchar,MEM,3,40.4,88.9,38.9,88.9,43.8,5.6,22.2,25.0,5.6,11.1,50.0,0.0,33.3,33.3,27.8,5.6,5.6,0.0,11.1,11.1,11.1,11.1
341,J. Valanciunas - J. Jackson - D. Brooks - Y. Watanabe - J. Morant,MEM,1,40.3,166.7,66.7,116.7,57.1,16.7,33.3,50.0,16.7,16.7,100,16.7,83.3,100.0,16.7,16.7,0.0,16.7,0.0,0.0,33.3,133.3
342,J. Valanciunas - K. Anderson - G. Allen - J. Morant - B. Clarke,MEM,3,40.3,80.0,30.0,80.0,37.5,20.0,50.0,40.0,0.0,20.0,0.0,10.0,30.0,40.0,20.0,10.0,0.0,0.0,0.0,0.0,20.0,-10.0
343,K. Anderson - T. Jones - D. Brooks - J. Jackson Jr. - B. Clarke,MEM,11,40.3,73.1,26.9,80.8,33.3,7.7,23.1,33.3,11.5,23.1,50.0,7.7,30.8,38.5,23.1,15.4,7.7,0.0,3.8,46.2,15.4,-42.3
344,K. Anderson - T. Jones - G. Allen - J. Jackson Jr. - M. Guduric,MEM,3,40.3,66.7,33.3,83.3,40.0,0.0,16.7,0.0,0.0,33.3,0.0,16.7,16.7,33.3,16.7,16.7,0.0,0.0,0.0,33.3,16.7,-66.7
345,J. Crowder - K. Anderson - T. Jones - J. Jackson Jr. - M. Guduric,MEM,1,40.2,55.6,11.1,66.7,16.7,0.0,55.6,0.0,33.3,44.4,75.0,11.1,11.1,22.2,11.1,11.1,11.1,0.0,0.0,33.3,22.2,-77.8
346,J. Crowder - G. Allen - J. Jackson Jr. - J. Morant - B. Clarke,MEM,5,40.1,30.8,7.7,53.8,14.3,0.0,15.4,0.0,15.4,30.8,50.0,7.7,7.7,15.4,7.7,23.1,0.0,0.0,23.1,46.2,15.4,-161.5
347,J. Valanciunas - G. Dieng - T. Jones - J. Jackson - D. Brooks,MEM,4,40.1,120.8,45.8,112.5,40.7,16.7,37.5,44.4,12.5,12.5,100,25.0,54.2,79.2,29.2,8.3,8.3,8.3,0.0,4.2,12.5,66.7
348,J. Valanciunas - K. Anderson - J. Jackson - D. Melton - J. Morant,MEM,4,40.1,94.4,38.9,83.3,46.7,5.6,27.8,20.0,11.1,33.3,33.3,16.7,27.8,44.4,33.3,11.1,11.1,0.0,5.6,27.8,27.8,-27.8
349,T. Jones - J. Jackson - Y. Watanabe - J. Konchar - M. Guduric,MEM,1,40.1,0.0,0.0,0.0,0.0,0.0,0.0,0.0,0.0,0.0,0.0,0.0,0.0,0.0,0.0,50.0,0.0,0.0,0.0,0.0,0.0,0.0
350,A. Tolliver - D. Brooks - G. Allen - J. Jackson Jr. - J. Morant,MEM,1,40.0,50.0,25.0,75.0,33.3,0.0,50.0,0.0,0.0,0.0,0.0,0.0,25.0,25.0,0.0,0.0,0.0,0.0,0.0,25.0,50.0,0.0
351,A. Tolliver - J. Jackson - D. Brooks - J. Jackson Jr. - D. Melton,MEM,1,40.0,60.0,0.0,60.0,0.0,0.0,40.0,0.0,60.0,80.0,75.0,0.0,40.0,40.0,0.0,0.0,20.0,0.0,20.0,0.0,40.0,-40.0
352,A. Tolliver - K. Anderson - G. Allen - J. Morant - B. Clarke,MEM,1,40.0,0.0,0.0,0.0,0.0,0.0,0.0,0.0,0.0,0.0,0.0,0.0,0.0,0.0,0.0,0.0,0.0,0.0,0.0,0.0,0.0,-200.0
353,T. Jones - D. Melton - Y. Watanabe - J. Konchar - M. Guduric,MEM,1,40.0,172.7,54.5,100.0,54.5,18.2,36.4,50.0,45.5,45.5,100,0.0,9.1,9.1,54.5,0.0,27.3,0.0,9.1,9.1,36.4,90.9
354,T. Jones - J. Jackson Jr. - D. Melton - B. Clarke - M. Guduric,MEM,1,40.0,160.0,60.0,80.0,75.0,20.0,20.0,100,20.0,40.0,50.0,0.0,20.0,20.0,60.0,0.0,20.0,20.0,0.0,20.0,40.0,80.0
355,S. Hill - T. Jones - G. Allen - D. Melton - B. Clarke,MEM,3,39.9,89.3,32.1,85.7,37.5,10.7,42.9,25.0,14.3,14.3,100,3.6,14.3,17.9,28.6,7.1,14.3,7.1,7.1,10.7,17.9,-21.4
356,J. Crowder - K. Anderson - B. Caboclo - T. Jones - M. Guduric,MEM,2,39.8,142.9,71.4,100.0,71.4,0.0,0.0,0.0,0.0,14.3,0.0,14.3,28.6,42.9,42.9,14.3,28.6,0.0,28.6,0.0,14.3,85.7
357,T. Jones - D. Brooks - J. Jackson Jr. - D. Melton - B. Clarke,MEM,8,39.8,102.3,38.6,75.0,51.5,15.9,29.5,53.8,9.1,18.2,50.0,2.3,25.0,27.3,31.8,13.6,6.8,0.0,2.3,22.7,13.6,-4.5
358,J. Valanciunas - S. Hill - T. Jones - D. Brooks - G. Allen,MEM,3,39.7,140.0,50.0,90.0,55.6,20.0,20.0,100,20.0,20.0,100,10.0,20.0,30.0,30.0,0.0,20.0,0.0,10.0,10.0,10.0,10.0
359,S. Hill - D. Brooks - J. Jackson Jr. - J. Morant - J. Konchar,MEM,1,39.5,85.7,42.9,71.4,60.0,0.0,14.3,0.0,0.0,0.0,0.0,0.0,28.6,28.6,28.6,14.3,0.0,14.3,0.0,14.3,14.3,-71.4
360,J. Crowder - S. Hill - K. Anderson - B. Caboclo - T. Jones,MEM,1,39.4,116.7,50.0,83.3,60.0,16.7,33.3,50.0,0.0,0.0,0.0,0.0,33.3,33.3,16.7,16.7,16.7,0.0,0.0,0.0,0.0,33.3
361,J. Valanciunas - S. Hill - D. Brooks - D. Melton - M. Guduric,MEM,1,39.4,100.0,33.3,77.8,42.9,22.2,44.4,50.0,11.1,22.2,50.0,11.1,33.3,44.4,11.1,11.1,0.0,0.0,0.0,33.3,11.1,0.0
362,S. Hill - B. Caboclo - D. Brooks - G. Allen - D. Melton,MEM,1,39.4,100.0,50.0,150.0,33.3,0.0,16.7,0.0,0.0,0.0,0.0,66.7,33.3,100.0,16.7,16.7,0.0,0.0,0.0,33.3,0.0,-33.3
363,J. Valanciunas - K. Anderson - J. Morant - B. Clarke - M. Guduric,MEM,2,39.3,60.0,20.0,60.0,33.3,0.0,0.0,0.0,20.0,20.0,100,0.0,40.0,40.0,0.0,20.0,0.0,0.0,0.0,0.0,20.0,60.0
364,J. Crowder - S. Hill - T. Jones - J. Jackson Jr. - D. Melton,MEM,1,39.2,50.0,0.0,50.0,0.0,0.0,50.0,0.0,50.0,100.0,50.0,0.0,50.0,50.0,0.0,0.0,0.0,0.0,0.0,50.0,50.0,-100.0
365,J. Valanciunas - J. Jackson - D. Melton - J. Morant - B. Clarke,MEM,2,39.2,61.5,15.4,61.5,25.0,7.7,23.1,33.3,23.1,30.8,75.0,0.0,30.8,30.8,15.4,15.4,0.0,7.7,15.4,15.4,23.1,-46.2
366,J. Valanciunas - S. Hill - J. Morant - J. Konchar - M. Guduric,MEM,1,39.2,0.0,0.0,50.0,0.0,0.0,0.0,0.0,0.0,0.0,0.0,0.0,0.0,0.0,0.0,0.0,0.0,0.0,0.0,50.0,0.0,-250.0
367,J. Valanciunas - T. Jones - J. Jackson - D. Brooks - J. Morant,MEM,3,39.0,107.1,28.6,57.1,50.0,7.1,28.6,25.0,42.9,42.9,100,14.3,21.4,35.7,14.3,21.4,0.0,0.0,0.0,14.3,35.7,14.3
368,G. Dieng - T. Jones - J. Jackson - J. Bell - D. Melton,MEM,1,38.7,78.6,21.4,64.3,33.3,0.0,14.3,0.0,35.7,42.9,83.3,14.3,21.4,35.7,0.0,21.4,0.0,7.1,7.1,7.1,21.4,-57.1
369,J. Valanciunas - J. Crowder - J. Jackson Jr. - D. Melton - J. Morant,MEM,6,38.6,88.9,27.8,50.0,55.6,5.6,27.8,20.0,27.8,27.8,100,0.0,33.3,33.3,11.1,27.8,0.0,5.6,0.0,11.1,16.7,11.1
370,J. Valanciunas - J. Crowder - K. Anderson - J. Jackson Jr. - J. Morant,MEM,3,38.6,83.3,33.3,66.7,50.0,16.7,16.7,100,0.0,0.0,0.0,16.7,0.0,16.7,16.7,0.0,0.0,0.0,0.0,0.0,0.0,-33.3
371,J. Valanciunas - J. Crowder - K. Anderson - T. Jones - B. Clarke,MEM,2,38.5,54.5,9.1,81.8,11.1,0.0,18.2,0.0,36.4,36.4,100,9.1,45.5,54.5,9.1,9.1,9.1,0.0,0.0,18.2,36.4,-27.3
372,A. Tolliver - G. Dieng - T. Jones - J. Jackson - D. Melton,MEM,1,38.3,0.0,0.0,0.0,0.0,0.0,0.0,0.0,0.0,0.0,0.0,0.0,0.0,0.0,0.0,100.0,0.0,0.0,0.0,100.0,0.0,-100.0
373,S. Hill - K. Anderson - G. Allen - B. Clarke - M. Guduric,MEM,1,38.3,133.3,50.0,66.7,75.0,0.0,0.0,0.0,33.3,33.3,100,0.0,16.7,16.7,16.7,0.0,33.3,0.0,0.0,16.7,16.7,66.7
374,A. Tolliver - J. Jackson - G. Allen - J. Morant - B. Clarke,MEM,1,38.2,0.0,0.0,100.0,0.0,0.0,100.0,0.0,0.0,0.0,0.0,0.0,0.0,0.0,0.0,0.0,0.0,0.0,50.0,0.0,0.0,-150.0
375,J. Valanciunas - J. Crowder - G. Allen - J. Jackson Jr. - J. Morant,MEM,4,38.1,44.4,11.1,33.3,33.3,0.0,22.2,0.0,22.2,22.2,100,11.1,44.4,55.6,11.1,44.4,0.0,0.0,0.0,11.1,11.1,-33.3
376,J. Valanciunas - J. Crowder - S. Hill - D. Melton - J. Morant,MEM,2,38.1,33.3,16.7,100.0,16.7,0.0,66.7,0.0,0.0,0.0,0.0,16.7,16.7,33.3,0.0,16.7,0.0,0.0,0.0,16.7,0.0,-83.3
377,J. Valanciunas - J. Crowder - T. Jones - G. Allen - J. Jackson Jr.,MEM,6,38.1,68.4,26.3,110.5,23.8,0.0,42.1,0.0,15.8,15.8,100,31.6,26.3,57.9,0.0,5.3,5.3,5.3,21.1,5.3,10.5,-36.8
378,K. Anderson - B. Caboclo - T. Jones - J. Morant - B. Clarke,MEM,1,37.9,100.0,42.9,85.7,50.0,14.3,28.6,50.0,0.0,0.0,0.0,0.0,28.6,28.6,14.3,14.3,14.3,14.3,0.0,0.0,14.3,-28.6
379,S. Hill - K. Anderson - T. Jones - G. Allen - B. Clarke,MEM,3,37.8,80.0,20.0,40.0,50.0,0.0,0.0,0.0,40.0,70.0,57.1,0.0,40.0,40.0,20.0,20.0,10.0,0.0,0.0,0.0,40.0,10.0
380,J. Valanciunas - S. Hill - K. Anderson - T. Jones - M. Guduric,MEM,5,37.7,89.3,32.1,57.1,56.3,7.1,28.6,25.0,17.9,25.0,71.4,0.0,39.3,39.3,21.4,25.0,10.7,3.6,0.0,10.7,14.3,-7.1
381,J. Jackson - G. Allen - J. Jackson Jr. - J. Morant - B. Clarke,MEM,1,37.6,72.7,27.3,54.5,50.0,0.0,9.1,0.0,18.2,18.2,100,0.0,36.4,36.4,18.2,27.3,9.1,0.0,9.1,9.1,9.1,-27.3
382,T. Jones - G. Allen - J. Jackson Jr. - D. Melton - B. Clarke,MEM,5,37.6,75.0,30.0,75.0,40.0,15.0,45.0,33.3,0.0,10.0,0.0,0.0,45.0,45.0,30.0,15.0,15.0,20.0,0.0,20.0,10.0,5.0
383,G. Dieng - K. Anderson - J. Morant - B. Clarke - M. Guduric,MEM,1,37.5,100.0,0.0,0.0,0.0,0.0,0.0,0.0,100.0,100.0,100,0.0,100.0,100.0,0.0,50.0,0.0,0.0,0.0,0.0,50.0,100.0
384,J. Valanciunas - G. Dieng - T. Jones - J. Jackson - D. Melton,MEM,2,37.5,175.0,75.0,100.0,75.0,25.0,25.0,100,0.0,0.0,0.0,0.0,25.0,25.0,50.0,0.0,25.0,0.0,25.0,50.0,0.0,0.0
385,J. Valanciunas - T. Jones - D. Brooks - J. Jackson Jr. - D. Melton,MEM,1,37.5,200.0,100.0,100.0,100,0.0,0.0,0.0,0.0,0.0,0.0,0.0,0.0,0.0,50.0,0.0,0.0,0.0,0.0,0.0,0.0,100.0
386,S. Hill - D. Brooks - J. Jackson Jr. - D. Melton - M. Guduric,MEM,1,37.5,0.0,0.0,50.0,0.0,0.0,0.0,0.0,0.0,0.0,0.0,0.0,0.0,0.0,0.0,50.0,0.0,0.0,0.0,0.0,0.0,-150.0
387,G. Dieng - K. Anderson - D. Brooks - D. Melton - B. Clarke,MEM,1,37.4,66.7,33.3,66.7,50.0,0.0,33.3,0.0,0.0,0.0,0.0,33.3,33.3,66.7,0.0,66.7,66.7,0.0,0.0,33.3,0.0,33.3
388,J. Valanciunas - K. Anderson - T. Jones - D. Brooks - J. Morant,MEM,6,37.4,103.3,36.7,86.7,42.3,10.0,30.0,33.3,20.0,23.3,85.7,13.3,46.7,60.0,16.7,10.0,0.0,6.7,3.3,10.0,16.7,26.7
389,K. Anderson - G. Allen - D. Melton - J. Morant - B. Clarke,MEM,2,37.4,75.0,37.5,75.0,50.0,0.0,37.5,0.0,0.0,0.0,0.0,0.0,37.5,37.5,25.0,25.0,12.5,0.0,0.0,37.5,0.0,-25.0
390,G. Dieng - D. Melton - Y. Watanabe - J. Konchar - M. Guduric,MEM,2,37.3,87.5,37.5,75.0,50.0,0.0,25.0,0.0,12.5,37.5,33.3,12.5,25.0,37.5,12.5,12.5,12.5,0.0,0.0,0.0,25.0,25.0
391,A. Tolliver - J. Valanciunas - J. Jackson - D. Brooks - J. Morant,MEM,1,37.2,133.3,66.7,133.3,50.0,0.0,33.3,0.0,0.0,0.0,0.0,33.3,33.3,66.7,33.3,0.0,0.0,0.0,33.3,33.3,0.0,66.7
392,J. Crowder - D. Brooks - D. Melton - J. Morant - B. Clarke,MEM,2,37.2,0.0,0.0,100.0,0.0,0.0,66.7,0.0,0.0,0.0,0.0,33.3,33.3,66.7,0.0,0.0,0.0,0.0,33.3,66.7,0.0,-100.0
393,J. Valanciunas - J. Crowder - T. Jones - D. Melton - B. Clarke,MEM,5,37.0,160.9,60.9,87.0,70.0,26.1,30.4,85.7,13.0,13.0,100,4.3,43.5,47.8,39.1,8.7,13.0,4.3,8.7,4.3,17.4,91.3
394,D. Brooks - J. Jackson Jr. - J. Morant - B. Clarke - J. Konchar,MEM,1,36.7,200.0,100.0,100.0,100,0.0,0.0,0.0,0.0,0.0,0.0,0.0,0.0,0.0,100.0,0.0,0.0,0.0,0.0,0.0,0.0,200.0
395,G. Dieng - K. Anderson - D. Brooks - Y. Watanabe - J. Morant,MEM,1,36.7,0.0,0.0,0.0,0.0,0.0,0.0,0.0,0.0,0.0,0.0,0.0,0.0,0.0,0.0,0.0,0.0,0.0,0.0,0.0,0.0,-300.0
396,G. Dieng - K. Anderson - T. Jones - J. Jackson - D. Melton,MEM,1,36.7,140.0,40.0,80.0,50.0,0.0,20.0,0.0,60.0,60.0,100,20.0,60.0,80.0,40.0,20.0,40.0,0.0,0.0,0.0,40.0,140.0
397,G. Dieng - T. Jones - D. Brooks - Y. Watanabe - J. Konchar,MEM,1,36.7,0.0,0.0,100.0,0.0,0.0,100.0,0.0,0.0,0.0,0.0,100.0,0.0,100.0,0.0,0.0,0.0,0.0,0.0,0.0,100.0,-200.0
398,J. Crowder - K. Anderson - T. Jones - J. Jackson - D. Melton,MEM,1,36.7,87.5,37.5,87.5,42.9,6.3,37.5,16.7,6.3,31.3,20.0,0.0,18.8,18.8,18.8,6.3,12.5,0.0,12.5,12.5,37.5,-37.5
399,J. Crowder - T. Jones - J. Morant - B. Clarke - M. Guduric,MEM,1,36.7,0.0,0.0,100.0,0.0,0.0,33.3,0.0,0.0,0.0,0.0,0.0,0.0,0.0,0.0,0.0,0.0,0.0,0.0,33.3,0.0,-200.0
400,J. Valanciunas - B. Caboclo - T. Jones - G. Allen - M. Guduric,MEM,1,36.7,100.0,0.0,50.0,0.0,0.0,0.0,0.0,100.0,100.0,100,0.0,0.0,0.0,0.0,0.0,50.0,0.0,0.0,0.0,50.0,-50.0
401,J. Valanciunas - G. Dieng - K. Anderson - D. Melton - J. Morant,MEM,1,36.7,50.0,0.0,50.0,0.0,0.0,0.0,0.0,50.0,100.0,50.0,0.0,25.0,25.0,0.0,0.0,25.0,0.0,25.0,0.0,50.0,-50.0
402,J. Valanciunas - S. Hill - T. Jones - D. Brooks - D. Melton,MEM,1,36.7,200.0,100.0,200.0,50.0,0.0,0.0,0.0,0.0,0.0,0.0,100.0,0.0,100.0,0.0,0.0,0.0,0.0,0.0,50.0,0.0,100.0
403,K. Anderson - B. Caboclo - G. Allen - D. Melton - B. Clarke,MEM,1,36.7,116.7,50.0,83.3,60.0,16.7,50.0,33.3,0.0,33.3,0.0,16.7,16.7,33.3,33.3,16.7,16.7,0.0,0.0,0.0,16.7,-33.3
404,S. Hill - B. Caboclo - T. Jones - G. Allen - J. Konchar,MEM,1,36.7,0.0,0.0,50.0,0.0,0.0,25.0,0.0,0.0,0.0,0.0,0.0,25.0,25.0,0.0,25.0,0.0,0.0,0.0,50.0,0.0,-100.0
405,S. Hill - K. Anderson - B. Caboclo - J. Morant - M. Guduric,MEM,1,36.7,120.0,20.0,40.0,50.0,20.0,20.0,100,60.0,80.0,75.0,0.0,40.0,40.0,20.0,20.0,20.0,20.0,0.0,0.0,40.0,60.0
406,S. Hill - K. Anderson - T. Jones - J. Jackson - J. Konchar,MEM,1,36.7,50.0,25.0,75.0,33.3,0.0,25.0,0.0,0.0,0.0,0.0,0.0,25.0,25.0,25.0,25.0,25.0,0.0,0.0,25.0,0.0,-25.0
407,J. Crowder - K. Anderson - G. Allen - J. Morant - B. Clarke,MEM,1,36.3,0.0,0.0,25.0,0.0,0.0,25.0,0.0,0.0,0.0,0.0,0.0,25.0,25.0,0.0,50.0,0.0,0.0,0.0,0.0,25.0,-50.0
408,J. Valanciunas - S. Hill - T. Jones - D. Brooks - M. Guduric,MEM,3,36.3,120.0,50.0,70.0,71.4,10.0,20.0,50.0,10.0,20.0,50.0,10.0,30.0,40.0,40.0,10.0,10.0,0.0,0.0,0.0,10.0,40.0
409,G. Dieng - K. Anderson - D. Brooks - D. Melton - J. Morant,MEM,2,36.2,28.6,14.3,57.1,25.0,0.0,42.9,0.0,0.0,0.0,0.0,0.0,28.6,28.6,14.3,28.6,14.3,0.0,0.0,14.3,0.0,-85.7
410,K. Anderson - B. Caboclo - T. Jones - G. Allen - M. Guduric,MEM,3,36.2,28.6,7.1,92.9,7.7,7.1,50.0,14.3,7.1,7.1,100,14.3,14.3,28.6,7.1,7.1,21.4,7.1,14.3,28.6,7.1,-42.9
411,B. Caboclo - T. Jones - D. Brooks - J. Jackson Jr. - M. Guduric,MEM,1,35.8,0.0,0.0,100.0,0.0,0.0,50.0,0.0,0.0,0.0,0.0,0.0,0.0,0.0,0.0,0.0,0.0,0.0,0.0,50.0,0.0,0.0
412,J. Valanciunas - S. Hill - K. Anderson - D. Melton - M. Guduric,MEM,1,35.8,0.0,0.0,0.0,0.0,0.0,0.0,0.0,0.0,0.0,0.0,0.0,50.0,50.0,0.0,0.0,0.0,0.0,0.0,0.0,0.0,0.0
413,J. Valanciunas - J. Crowder - S. Hill - T. Jones - J. Jackson Jr.,MEM,1,35.4,100.0,50.0,50.0,100,0.0,0.0,0.0,0.0,0.0,0.0,0.0,25.0,25.0,25.0,50.0,0.0,0.0,0.0,50.0,0.0,-50.0
414,S. Hill - T. Jones - J. Jackson Jr. - D. Melton - B. Clarke,MEM,1,35.4,150.0,75.0,125.0,60.0,0.0,25.0,0.0,0.0,0.0,0.0,25.0,25.0,50.0,50.0,0.0,25.0,25.0,0.0,0.0,25.0,75.0
415,G. Dieng - J. Jackson - D. Brooks - D. Melton - J. Morant,MEM,3,35.3,63.6,27.3,90.9,30.0,0.0,45.5,0.0,9.1,27.3,33.3,9.1,0.0,9.1,9.1,9.1,0.0,0.0,0.0,27.3,27.3,-109.1
416,G. Dieng - K. Anderson - G. Allen - J. Morant - B. Clarke,MEM,1,35.0,166.7,66.7,100.0,66.7,33.3,66.7,50.0,0.0,0.0,0.0,33.3,0.0,33.3,33.3,0.0,33.3,0.0,0.0,0.0,33.3,100.0
417,J. Valanciunas - G. Allen - J. Jackson Jr. - D. Melton - J. Morant,MEM,1,35.0,166.7,66.7,133.3,50.0,33.3,66.7,50.0,0.0,0.0,0.0,66.7,66.7,133.3,66.7,33.3,0.0,66.7,33.3,0.0,0.0,166.7
418,S. Hill - K. Anderson - T. Jones - J. Jackson Jr. - B. Clarke,MEM,1,35.0,0.0,0.0,0.0,0.0,0.0,0.0,0.0,0.0,0.0,0.0,0.0,100.0,100.0,0.0,100.0,0.0,0.0,0.0,100.0,0.0,0.0
419,J. Crowder - S. Hill - D. Melton - J. Morant - B. Clarke,MEM,1,34.8,150.0,50.0,100.0,50.0,0.0,0.0,0.0,50.0,50.0,100,0.0,50.0,50.0,50.0,0.0,0.0,0.0,0.0,0.0,50.0,150.0
420,J. Crowder - S. Hill - J. Jackson Jr. - D. Melton - J. Morant,MEM,2,34.7,160.0,40.0,40.0,100,0.0,0.0,0.0,80.0,100.0,80.0,0.0,60.0,60.0,0.0,0.0,0.0,0.0,0.0,20.0,80.0,120.0
421,J. Valanciunas - D. Brooks - J. Morant - B. Clarke - M. Guduric,MEM,1,34.3,114.3,42.9,57.1,75.0,0.0,0.0,0.0,28.6,28.6,100,14.3,28.6,42.9,14.3,42.9,0.0,14.3,0.0,28.6,28.6,-14.3
422,B. Caboclo - D. Brooks - J. Jackson Jr. - D. Melton - M. Guduric,MEM,1,34.2,0.0,0.0,150.0,0.0,0.0,0.0,0.0,0.0,0.0,0.0,50.0,0.0,50.0,0.0,0.0,50.0,0.0,0.0,0.0,0.0,-100.0
423,J. Valanciunas - J. Crowder - K. Anderson - T. Jones - G. Allen,MEM,1,34.2,50.0,25.0,75.0,33.3,0.0,0.0,0.0,0.0,0.0,0.0,0.0,0.0,0.0,0.0,0.0,25.0,0.0,0.0,0.0,0.0,-50.0
424,S. Hill - K. Anderson - B. Caboclo - D. Brooks - J. Morant,MEM,1,34.2,116.7,16.7,50.0,33.3,0.0,16.7,0.0,83.3,83.3,100,0.0,50.0,50.0,16.7,16.7,0.0,16.7,0.0,16.7,50.0,50.0
425,J. Valanciunas - K. Anderson - J. Jackson Jr. - J. Morant - M. Guduric,MEM,1,33.9,0.0,0.0,66.7,0.0,0.0,33.3,0.0,0.0,0.0,0.0,0.0,33.3,33.3,0.0,0.0,0.0,0.0,0.0,0.0,0.0,-166.7
426,J. Crowder - B. Caboclo - T. Jones - D. Brooks - G. Allen,MEM,1,33.3,0.0,0.0,50.0,0.0,0.0,0.0,0.0,0.0,0.0,0.0,0.0,25.0,25.0,0.0,25.0,0.0,0.0,0.0,0.0,0.0,-200.0
427,J. Valanciunas - S. Hill - T. Jones - J. Jackson - D. Brooks,MEM,1,33.3,150.0,50.0,100.0,50.0,50.0,100.0,50.0,0.0,0.0,0.0,0.0,0.0,0.0,50.0,0.0,50.0,0.0,0.0,0.0,0.0,50.0
428,S. Hill - K. Anderson - B. Caboclo - T. Jones - D. Melton,MEM,1,33.3,100.0,50.0,100.0,50.0,0.0,50.0,0.0,0.0,0.0,0.0,0.0,0.0,0.0,50.0,0.0,0.0,0.0,0.0,0.0,100.0,-50.0
429,S. Hill - T. Jones - J. Jackson Jr. - J. Konchar - M. Guduric,MEM,1,33.1,150.0,50.0,100.0,50.0,50.0,100.0,50.0,0.0,0.0,0.0,0.0,50.0,50.0,0.0,0.0,0.0,50.0,0.0,0.0,0.0,150.0
430,A. Tolliver - G. Dieng - K. Anderson - D. Brooks - J. Morant,MEM,2,32.9,125.0,25.0,75.0,33.3,0.0,0.0,0.0,75.0,75.0,100,50.0,0.0,50.0,25.0,25.0,0.0,0.0,0.0,25.0,75.0,0.0
431,J. Valanciunas - B. Caboclo - T. Jones - D. Brooks - Y. Watanabe,MEM,1,32.5,0.0,0.0,50.0,0.0,0.0,0.0,0.0,0.0,0.0,0.0,0.0,0.0,0.0,0.0,50.0,0.0,0.0,0.0,0.0,0.0,-100.0
432,S. Hill - T. Jones - D. Brooks - D. Melton - B. Clarke,MEM,2,32.5,125.0,50.0,75.0,66.7,0.0,25.0,0.0,25.0,25.0,100,0.0,50.0,50.0,50.0,25.0,0.0,0.0,0.0,25.0,25.0,125.0
433,S. Hill - D. Brooks - J. Jackson Jr. - J. Morant - M. Guduric,MEM,2,32.2,115.4,38.5,84.6,45.5,23.1,30.8,75.0,15.4,15.4,100,0.0,15.4,15.4,30.8,7.7,23.1,0.0,7.7,7.7,15.4,23.1
434,S. Hill - K. Anderson - G. Allen - J. Jackson Jr. - D. Melton,MEM,1,32.1,0.0,0.0,50.0,0.0,0.0,25.0,0.0,0.0,0.0,0.0,0.0,0.0,0.0,0.0,25.0,0.0,0.0,0.0,0.0,0.0,-200.0
435,B. Caboclo - D. Melton - Y. Watanabe - J. Konchar - M. Guduric,MEM,1,31.7,111.1,55.6,88.9,62.5,0.0,0.0,0.0,0.0,0.0,0.0,0.0,22.2,22.2,22.2,11.1,33.3,0.0,11.1,11.1,11.1,55.6
436,K. Anderson - J. Jackson - D. Brooks - J. Jackson Jr. - J. Morant,MEM,1,31.7,0.0,0.0,0.0,0.0,0.0,0.0,0.0,0.0,0.0,0.0,0.0,0.0,0.0,0.0,50.0,0.0,0.0,0.0,50.0,0.0,-100.0
437,J. Valanciunas - J. Crowder - S. Hill - K. Anderson - D. Melton,MEM,1,31.3,100.0,40.0,100.0,40.0,20.0,60.0,33.3,0.0,0.0,0.0,20.0,20.0,40.0,40.0,0.0,20.0,0.0,0.0,40.0,0.0,-40.0
438,G. Dieng - J. Bell - D. Brooks - D. Melton - J. Morant,MEM,1,31.1,166.7,66.7,133.3,50.0,33.3,66.7,50.0,0.0,0.0,0.0,33.3,33.3,66.7,33.3,0.0,33.3,0.0,0.0,33.3,0.0,100.0
439,J. Crowder - B. Caboclo - D. Brooks - J. Morant - B. Clarke,MEM,2,31.1,33.3,16.7,50.0,33.3,0.0,16.7,0.0,0.0,0.0,0.0,0.0,16.7,16.7,0.0,33.3,0.0,0.0,0.0,33.3,16.7,-66.7
440,J. Valanciunas - J. Crowder - K. Anderson - T. Jones - D. Brooks,MEM,2,31.1,0.0,0.0,66.7,0.0,0.0,0.0,0.0,0.0,0.0,0.0,0.0,0.0,0.0,0.0,33.3,33.3,0.0,0.0,33.3,0.0,0.0
441,J. Valanciunas - S. Hill - D. Melton - J. Morant - M. Guduric,MEM,1,29.8,66.7,0.0,33.3,0.0,0.0,0.0,0.0,66.7,66.7,100,0.0,0.0,0.0,0.0,33.3,0.0,0.0,0.0,66.7,66.7,0.0
442,J. Valanciunas - S. Hill - T. Jones - J. Jackson Jr. - J. Morant,MEM,1,29.6,100.0,25.0,50.0,50.0,0.0,0.0,0.0,50.0,125.0,40.0,25.0,50.0,75.0,0.0,25.0,25.0,0.0,0.0,0.0,50.0,50.0
443,S. Hill - B. Caboclo - T. Jones - G. Allen - D. Melton,MEM,2,29.3,200.0,60.0,100.0,60.0,40.0,80.0,50.0,40.0,40.0,100,40.0,40.0,80.0,60.0,20.0,0.0,0.0,0.0,60.0,20.0,160.0
444,S. Hill - D. Brooks - D. Melton - J. Morant - B. Clarke,MEM,2,28.9,66.7,0.0,0.0,0.0,0.0,0.0,0.0,66.7,66.7,100,0.0,0.0,0.0,0.0,33.3,0.0,0.0,0.0,33.3,33.3,-33.3
445,J. Valanciunas - S. Hill - D. Brooks - D. Melton - J. Morant,MEM,1,28.3,0.0,0.0,50.0,0.0,0.0,0.0,0.0,0.0,0.0,0.0,0.0,0.0,0.0,0.0,50.0,0.0,0.0,0.0,0.0,0.0,-100.0
446,K. Anderson - B. Caboclo - G. Allen - J. Jackson Jr. - D. Melton,MEM,1,27.5,0.0,0.0,50.0,0.0,0.0,0.0,0.0,0.0,0.0,0.0,0.0,0.0,0.0,0.0,0.0,50.0,0.0,50.0,50.0,0.0,0.0
447,J. Valanciunas - J. Crowder - D. Brooks - G. Allen - D. Melton,MEM,1,27.0,0.0,0.0,0.0,0.0,0.0,0.0,0.0,0.0,200.0,0.0,0.0,100.0,100.0,0.0,0.0,0.0,0.0,0.0,0.0,100.0,0.0
448,T. Jones - J. Jackson - D. Brooks - D. Melton - B. Clarke,MEM,1,27.0,80.0,20.0,40.0,50.0,0.0,0.0,0.0,40.0,40.0,100,0.0,60.0,60.0,0.0,40.0,20.0,0.0,0.0,20.0,20.0,20.0
449,J. Crowder - T. Jones - J. Jackson Jr. - D. Melton - J. Morant,MEM,1,26.7,200.0,0.0,0.0,0.0,0.0,0.0,0.0,200.0,200.0,100,0.0,0.0,0.0,0.0,0.0,0.0,0.0,0.0,0.0,100.0,200.0
450,J. Crowder - S. Hill - K. Anderson - D. Brooks - J. Jackson Jr.,MEM,2,25.5,0.0,0.0,0.0,0.0,0.0,0.0,0.0,0.0,0.0,0.0,0.0,100.0,100.0,0.0,100.0,0.0,0.0,0.0,0.0,0.0,0.0
451,G. Dieng - D. Hannahs - Y. Watanabe - J. Konchar - M. Guduric,MEM,1,25.0,0.0,0.0,0.0,0.0,0.0,0.0,0.0,0.0,0.0,0.0,0.0,50.0,50.0,0.0,50.0,0.0,0.0,0.0,0.0,0.0,0.0
452,J. Crowder - K. Anderson - J. Jackson Jr. - J. Morant - M. Guduric,MEM,2,25.0,0.0,0.0,0.0,0.0,0.0,0.0,0.0,0.0,0.0,0.0,0.0,0.0,0.0,0.0,100.0,0.0,0.0,0.0,0.0,0.0,-200.0
453,J. Crowder - S. Hill - B. Caboclo - G. Allen - D. Melton,MEM,1,25.0,150.0,50.0,150.0,33.3,50.0,100.0,50.0,0.0,0.0,0.0,50.0,0.0,50.0,50.0,0.0,50.0,0.0,50.0,0.0,0.0,150.0
454,K. Anderson - G. Allen - J. Jackson Jr. - J. Morant - M. Guduric,MEM,1,25.0,0.0,0.0,0.0,0.0,0.0,0.0,0.0,0.0,0.0,0.0,0.0,0.0,0.0,0.0,0.0,0.0,0.0,0.0,0.0,100.0,0.0
455,A. Tolliver - D. Brooks - J. Jackson Jr. - D. Melton - J. Morant,MEM,1,21.7,0.0,0.0,0.0,0.0,0.0,0.0,0.0,0.0,0.0,0.0,0.0,0.0,0.0,0.0,66.7,0.0,0.0,0.0,0.0,33.3,-66.7
456,T. Jones - J. Jackson Jr. - D. Melton - J. Morant - B. Clarke,MEM,3,21.0,137.5,25.0,62.5,40.0,0.0,25.0,0.0,87.5,100.0,87.5,12.5,12.5,25.0,0.0,12.5,0.0,0.0,12.5,37.5,75.0,100.0
457,J. Valanciunas - J. Crowder - S. Hill - J. Morant - M. Guduric,MEM,1,20.8,0.0,0.0,0.0,0.0,0.0,0.0,0.0,0.0,0.0,0.0,0.0,0.0,0.0,0.0,50.0,0.0,0.0,0.0,0.0,50.0,-150.0
458,S. Hill - B. Caboclo - G. Allen - D. Melton - J. Morant,MEM,1,19.2,100.0,50.0,100.0,50.0,0.0,50.0,0.0,0.0,0.0,0.0,0.0,0.0,0.0,50.0,0.0,50.0,0.0,0.0,50.0,0.0,0.0
459,S. Hill - K. Anderson - D. Brooks - D. Melton - J. Morant,MEM,1,14.8,100.0,0.0,0.0,0.0,0.0,0.0,0.0,100.0,100.0,100,0.0,50.0,50.0,0.0,0.0,0.0,0.0,0.0,0.0,100.0,100.0
460,J. Crowder - S. Hill - D. Brooks - G. Allen - J. Morant,MEM,1,13.5,300.0,100.0,100.0,100,100.0,100.0,100,0.0,0.0,0.0,0.0,100.0,100.0,100.0,0.0,0.0,0.0,0.0,100.0,100.0,200.0
461,J. Crowder - K. Anderson - T. Jones - G. Allen - M. Guduric,MEM,1,10.8,0.0,0.0,200.0,0.0,0.0,0.0,0.0,0.0,0.0,0.0,100.0,0.0,100.0,0.0,0.0,0.0,0.0,0.0,0.0,0.0,0.0
462,J. Crowder - T. Jones - D. Brooks - J. Jackson Jr. - J. Morant,MEM,1,10.8,150.0,0.0,0.0,0.0,0.0,0.0,0.0,150.0,200.0,75.0,0.0,0.0,0.0,0.0,0.0,0.0,0.0,0.0,0.0,100.0,0.0
463,J. Valanciunas - J. Crowder - D. Brooks - D. Melton - J. Morant,MEM,1,10.6,200.0,100.0,150.0,66.7,0.0,50.0,0.0,0.0,0.0,0.0,50.0,50.0,100.0,50.0,0.0,0.0,0.0,0.0,50.0,0.0,150.0
464,J. Valanciunas - K. Anderson - G. Allen - D. Melton - J. Morant,MEM,1,9.8,200.0,100.0,100.0,100,0.0,0.0,0.0,0.0,0.0,0.0,0.0,0.0,0.0,0.0,0.0,0.0,0.0,0.0,0.0,0.0,200.0
465,J. Valanciunas - K. Anderson - T. Jones - D. Melton - J. Morant,MEM,1,7.3,0.0,0.0,100.0,0.0,0.0,100.0,0.0,0.0,0.0,0.0,0.0,0.0,0.0,0.0,0.0,0.0,0.0,0.0,0.0,0.0,0.0
466,J. Crowder - S. Hill - K. Anderson - D. Brooks - B. Clarke,MEM,1,4.7,0.0,0.0,100.0,0.0,0.0,100.0,0.0,0.0,0.0,0.0,0.0,0.0,0.0,0.0,0.0,100.0,0.0,0.0,0.0,0.0,0.0
467,K. Anderson - D. Brooks - D. Melton - J. Morant - B. Clarke,MEM,1,4.3,200.0,0.0,0.0,0.0,0.0,0.0,0.0,200.0,200.0,100,0.0,0.0,0.0,0.0,0.0,0.0,0.0,0.0,0.0,100.0,200.0
468,J. Jackson - D. Melton - Y. Watanabe - J. Morant - B. Clarke,MEM,1,2.8,0.0,0.0,0.0,0.0,0.0,0.0,0.0,0.0,0.0,0.0,0.0,0.0,0.0,0.0,50.0,0.0,0.0,0.0,0.0,0.0,-150.0
469,K. Anderson - T. Jones - D. Brooks - J. Jackson Jr. - J. Morant,MEM,1,1.0,200.0,0.0,0.0,0.0,0.0,0.0,0.0,200.0,200.0,100,0.0,0.0,0.0,0.0,0.0,0.0,0.0,0.0,0.0,100.0,200.0
470,J. Crowder - S. Hill - J. Jackson Jr. - J. Morant - B. Clarke,MEM,1,0.3,0.0,0.0,0.0,0.0,0.0,0.0,0.0,0.0,0.0,0.0,0.0,0.0,0.0,0.0,0.0,0.0,0.0,0.0,0.0,0.0,0.0
471,A. Tolliver - D. Brooks - D. Melton - J. Morant - B. Clarke,MEM,1,0.0,0.0,0.0,0.0,0.0,0.0,0.0,0.0,0.0,0.0,0.0,0.0,0.0,0.0,0.0,0.0,0.0,0.0,0.0,0.0,0.0,0.0
472,A. Tolliver - G. Dieng - K. Anderson - G. Allen - J. Morant,MEM,1,0.0,0.0,0.0,0.0,0.0,0.0,0.0,0.0,0.0,0.0,0.0,0.0,0.0,0.0,0.0,0.0,0.0,0.0,0.0,0.0,0.0,0.0
473,J. Crowder - B. Caboclo - G. Allen - D. Melton - B. Clarke,MEM,1,0.0,0.0,0.0,0.0,0.0,0.0,0.0,0.0,0.0,0.0,0.0,0.0,0.0,0.0,0.0,0.0,0.0,0.0,0.0,0.0,0.0,0.0
474,J. Crowder - S. Hill - B. Caboclo - T. Jones - G. Allen,MEM,1,0.0,0.0,0.0,0.0,0.0,0.0,0.0,0.0,0.0,0.0,0.0,0.0,0.0,0.0,0.0,0.0,0.0,0.0,0.0,0.0,0.0,0.0
475,J. Crowder - S. Hill - D. Brooks - G. Allen - D. Melton,MEM,1,0.0,0.0,0.0,0.0,0.0,0.0,0.0,0.0,0.0,0.0,0.0,0.0,0.0,0.0,0.0,0.0,0.0,0.0,0.0,0.0,0.0,0.0
476,J. Jackson - G. Allen - J. Jackson Jr. - D. Melton - B. Clarke,MEM,1,0.0,0.0,0.0,0.0,0.0,0.0,0.0,0.0,0.0,0.0,0.0,0.0,0.0,0.0,0.0,0.0,0.0,0.0,0.0,0.0,0.0,0.0
477,J. Valanciunas - D. Brooks - J. Jackson Jr. - D. Melton - M. Guduric,MEM,1,0.0,0.0,0.0,0.0,0.0,0.0,0.0,0.0,0.0,0.0,0.0,0.0,0.0,0.0,0.0,0.0,0.0,0.0,0.0,0.0,0.0,0.0
478,J. Valanciunas - G. Dieng - D. Brooks - J. Morant - B. Clarke,MEM,1,0.0,0.0,0.0,0.0,0.0,0.0,0.0,0.0,0.0,0.0,0.0,0.0,0.0,0.0,0.0,0.0,0.0,0.0,0.0,0.0,0.0,0.0
479,J. Valanciunas - J. Crowder - K. Anderson - D. Brooks - G. Allen,MEM,1,0.0,0.0,0.0,0.0,0.0,0.0,0.0,0.0,0.0,0.0,0.0,0.0,0.0,0.0,0.0,0.0,0.0,0.0,0.0,0.0,0.0,0.0
480,J. Valanciunas - J. Crowder - T. Jones - D. Brooks - J. Morant,MEM,1,0.0,0.0,0.0,0.0,0.0,0.0,0.0,0.0,0.0,0.0,0.0,0.0,0.0,0.0,0.0,0.0,0.0,0.0,0.0,0.0,0.0,0.0
481,J. Valanciunas - K. Anderson - T. Jones - J. Jackson Jr. - J. Morant,MEM,1,0.0,0.0,0.0,0.0,0.0,0.0,0.0,0.0,0.0,0.0,0.0,0.0,0.0,0.0,0.0,0.0,0.0,0.0,0.0,0.0,0.0,0.0
482,J. Valanciunas - S. Hill - D. Brooks - G. Allen - D. Melton,MEM,1,0.0,0.0,0.0,0.0,0.0,0.0,0.0,0.0,0.0,0.0,0.0,0.0,0.0,0.0,0.0,0.0,0.0,0.0,0.0,0.0,0.0,0.0
483,J. Valanciunas - S. Hill - T. Jones - J. Jackson - J. Konchar,MEM,1,0.0,0.0,0.0,0.0,0.0,0.0,0.0,0.0,0.0,0.0,0.0,0.0,0.0,0.0,0.0,0.0,0.0,0.0,0.0,0.0,0.0,0.0
